pays;code_iso3;population_totale;population_urbaine;proportion_urbaine;croissance_annuelle_population;contig;dist;political_stability;regulatory_quality;produit_interieur_brut_usd;croissance_annuelle_pib;pib_par_habitant;variation_log_taux_change;flag_euro;prod_poulet_t;import_poulet_t;prix_import_poulet_usd_total;prix_production_poulet_usd_tonne;prix_import_poulet_usd_tonne;dispo_int_volaille;import_poulet_t_hab;dispo_int_volaille_hab;prod_poulet_t_hab
Afghanistan;AFG;39791823.0;10252456.8;25.75;2.44;0.0;5590,381;1.42;9.43;17188343176.4;2.28;431.96;-0.48121585511515796;0.0;28796.08;4811.26;7337000.0;;1524.9643544518483;36000.0;0.00012091077103956761;0.0009047084874699005;0.0007236682772739515
Afrique du Sud;ZAF;61448732.6;40271816.6;65.53;1.52;0.0;9353,552;20.85;44.34;388531011050.4;1.39;6322.85;5.42803503128327;0.0;1860000.0;312852.14;180916000.0;1914.6;578.2795668266805;2370000.0;0.005091270832817795;0.03856873689206081;0.03026913528237684
Albanie;ALB;2849172.4;1852955.8;65.05;-0.58;0.0;1603,534;51.66;58.49;20332604736.6;11.95;7136.32;-2.468435572460296;0.0;16780.0;47933.76;74795000.0;5759.2;1560.3824945090892;64000.0;0.016823748538347488;0.022462663193002993;0.0058894295059154726
Algérie;DZA;44747868.8;32636191.4;72.92;1.67;0.0;1340,39;23.22;16.04;219260309424.0;9.77;4899.91;2.325683651395375;0.0;421271.41;28.06;52000.0;2413.5;1853.1717747683535;275000.0;6.270689700422112e-07;0.0061455440756096975;0.009414334610724523
Allemagne;DEU;83903887.0;64018680.0;76.3;0.28;1.0;439,8984;66.35;91.98;4332091145345.2;3.57;51631.59;1.4526710797207993;1.0;1086000.0;492941.64;1562432000.0;1844.1;3169.608475356231;1462000.0;0.005875075132097277;0.01742469928717367;0.012943381276245282
Angola;AGO;34548825.6;22892151.4;66.22;3.26;0.0;6510,322;32.23;22.64;83889075814.6;7.16;2428.13;20.591620725481146;0.0;60236.37;209561.94;234446000.0;;1118.7432221709726;374000.0;0.006065674776511072;0.010825259426473818;0.0017435142571097988
Antigua-et-Barbuda;ATG;92343.0;25892.2;28.04;0.52;0.0;6708,77;80.57;70.28;1825218564.6;5.92;19765.64;0.0;0.0;17.06;6223.52;13550000.0;4802.5;2177.2244646116665;7000.0;0.06739568781607702;0.07580433817398179;0.00018474600132116132
Arabie saoudite;SAU;31646407.6;29786391.4;94.14;1.85;0.0;4694,5;39.81;68.87;978039275710.2;6.66;30905.22;0.0;0.0;1150000.0;424275.1;1256359000.0;5414.1;2961.1895678063597;1659000.0;0.013406738147428777;0.05242301183025905;0.03633903773646649
Argentine;ARG;45284803.0;42342270.0;93.5;0.39;0.0;11072,25;41.71;35.38;573795401678.6;11.11;12670.82;58.04998701201142;0.0;2287016.0;1860.92;4303000.0;423.0;2312.2971433484513;2193000.0;4.1093697592103916e-05;0.04842684200260295;0.05050294687160282
Arménie;ARM;2897896.0;1864885.0;64.36;0.23;0.0;3434,071;17.06;52.83;19399004590.8;15.55;6694.17;-3.447841457713382;0.0;13800.0;38240.73;58000000.0;6434.4;1516.7074477919223;52000.0;0.013196032569836876;0.017944053202737436;0.0047620756576495496
Australie;AUS;25967006.2;22191804.2;85.46;1.04;0.0;16975,46;79.62;99.53;1718996133440.8;6.38;66199.24;2.0694632458106645;0.0;1431791.0;194.34;595000.0;1682.1;3061.6445404960377;1285000.0;7.484112666018465e-06;0.04948587411667041;0.055138855398740576
Autriche;AUT;8992888.8;5194098.4;57.76;0.65;0.0;1035,144;71.56;90.09;486656787805.6;3.97;54115.74;1.4526710797207993;1.0;127924.0;56823.68;239118000.0;2981.0;4208.0695935215745;190000.0;0.006318734865263762;0.021127804894018037;0.014225017438222964
Azerbaïdjan;AZE;10228017.4;5778027.6;56.49;0.55;0.0;3817,547;18.01;49.06;64606062257.6;11.07;6316.58;-0.00016340115978434136;0.0;137501.0;25822.73;41621000.0;2747.1;1611.7970485692256;166000.0;0.002524705325589297;0.0162299293702805;0.013443563363511681
Bahamas;BHS;396777.8;342258.6;86.26;0.34;0.0;7209,45;84.83;51.89;12747231136.2;3.9;32126.88;0.0;0.0;6003.87;17811.15;52926000.0;;2971.5094196612795;28000.0;0.044889482224055886;0.07056846426387767;0.015131567340713114
Bahreïn;BHR;1514727.2;1553958.4;100.0;0.95;0.0;4843,391;29.38;83.96;41910024161.4;4.27;27668.36;0.0;0.0;8788.63;48725.17;129200000.0;;2651.606962069091;71000.0;0.03216762067783559;0.04687312672539319;0.0058021206722900336
Bangladesh;BGD;167944364.2;66814214.6;39.77;0.95;0.0;7916,79;15.64;18.87;416498016727.0;4.75;2479.98;5.428763008566673;0.0;226909.1;47.06;129000.0;1152.3;2741.1814704632384;284000.0;2.8021184410783583e-07;0.001691036203285707;0.0013510968413907635
Barbade;BRB;281941.2;90061.6;31.94;0.12;0.0;6882,34;93.84;67.45;6128314351.0;4.96;21736.14;0.0;0.0;14998.01;694.11;2061000.0;3655.5;2969.2700004322082;19000.0;0.002461896310294487;0.06738993804381907;0.05319552445687257
Belgique;BEL;11591256.4;11442657.2;98.72;0.49;1.0;262,3845;58.29;85.85;607982323129.6;4.79;52451.81;1.4526710797207993;1.0;421480.0;183003.22;494825000.0;1388.2;2703.91417156485;238000.0;0.01578804002644614;0.020532718092578815;0.03636189084731142
Belize;BLZ;397165.2;187560.4;47.21;1.57;0.0;8664,439;65.4;35.85;2737357775.2;7.12;6892.24;0.0;0.0;22053.0;37.0;192000.0;3525.8;5189.189189189189;21000.0;9.31602265253854e-05;0.05287472316305658;0.05552601285308985
Bhoutan;BTN;775514.2;362997.0;46.79;0.69;0.0;7569,353;83.41;36.79;2879763081.0;3.83;3713.36;3.3608846843490525;0.0;1165.12;2696.4;5963000.0;6826.5;2211.4671413736833;4000.0;0.0034769189268230036;0.005157868160247743;0.0015023838377169624
Bolivie (État plurinational de);BOL;11949271.6;8252392.4;69.05;1.25;0.0;10038,45;35.07;11.79;42856131300.2;3.59;3586.51;0.0;0.0;549800.0;3099.12;2967000.0;4387.9;957.3685433284287;519000.0;0.0002593563945772226;0.04343360979425725;0.046011172764706426
Bosnie-Herzégovine;BIH;3255932.8;1725418.4;53.02;-1.22;0.0;1352,463;31.28;46.7;25020309944.6;7.51;7684.53;1.4496648014338345;0.0;70620.0;11569.33;18048000.0;1437.1;1559.9866197956148;71000.0;0.003553307365557422;0.021806346863178505;0.021689636837713605
Botswana;BWA;2403910.8;1757545.0;73.09;1.53;0.0;8522,764;87.2;66.98;18776306997.4;4.89;7810.73;4.749500967440475;0.0;1474.9;5021.6;4777000.0;;951.2904253624342;7000.0;0.002088929422838818;0.002911921690272368;0.000613541900140388
Brunéi Darussalam;BRN;451224.8;353113.2;78.25;0.95;0.0;11219,33;96.68;80.66;14694241208.2;3.81;32565.23;-0.15997042877667525;0.0;29032.99;197.06;521000.0;3771.8;2643.8648127473866;;0.00043672244965259;;0.06434262921718842
Brésil;BRA;209422747.8;187919352.8;89.73;0.48;0.0;9408,406;28.44;40.09;1894183241151.4;4.12;9044.78;6.476218282321803;0.0;14833000.0;2104.62;6209000.0;1019.7;2950.1762788531896;10134000.0;1.0049624609118035e-05;0.048390158693161794;0.07082802683004429
Bulgarie;BGR;6881602.6;5239213.2;76.14;-0.66;0.0;1760,707;55.45;65.57;91429752251.2;9.9;13286.11;1.4516633399651184;0.0;90540.0;91317.72;156616000.0;1796.7;1715.066911438437;143000.0;0.013269833396075502;0.02078004329979764;0.013156819023522224
Burkina Faso;BFA;21994139.8;6727976.4;30.55;2.41;0.0;4082,87;5.69;34.91;19700872964.6;6.63;895.73;1.4612900316652855;0.0;152711.0;221.81;75000.0;1765.0;338.12722600423785;151000.0;1.008495908532872e-05;0.006865465136308718;0.0069432585856347056
Burundi;BDI;12969680.0;1734059.0;13.35;2.91;0.0;6371,986;12.8;15.57;3975346065.8;5.6;306.51;7.899160577634653;0.0;9229.33;16.32;26000.0;5246.1;1593.1372549019607;8000.0;1.2583194034085651e-06;0.000616823236964983;0.0007116081507022533
Bélarus;BLR;9265329.0;7507424.4;81.04;-0.78;0.0;1823,709;18.48;7.55;69423783162.6;2.03;7492.86;7.761763003235667;0.0;480000.0;26672.13;48043000.0;631.4;1801.2434702440337;336000.0;0.002878702958092476;0.03626422763832779;0.05180603948332542
Bénin;BEN;13416175.2;6103643.6;45.47;2.65;0.0;4726,537;31.75;40.57;18406583719.0;8.55;1371.97;1.4612900316652855;0.0;9675.16;86620.91;74788000.0;;863.3943005216638;143000.0;0.006456453401115394;0.01065877553537017;0.0007211563546069375
Cabo Verde;CPV;517500.8;385377.2;74.46;0.35;0.0;4452,386;79.15;59.91;2307284487.2;5.02;4458.51;1.4528533614289074;0.0;557.11;10713.51;17019000.0;6594.7;1588.555011382824;14000.0;0.020702402778894256;0.02705309827540363;0.001076539398586437
Cambodge;KHM;16961337.4;4182100.4;24.64;1.37;0.0;9947,79;47.87;25.47;40035259656.4;5.7;2360.38;0.08711441994068518;0.0;16785.81;29903.36;38685000.0;5400.1;1293.6673337043062;31000.0;0.0017630307855322777;0.0018276860644255567;0.0009896513231321018
Cameroun;CMR;26927573.8;15488312.0;57.49;2.72;0.0;5085,718;11.37;19.34;46513205857.2;6.14;1727.34;1.4612900316652855;0.0;117851.96;1745.54;2003000.0;3373.1;1147.4959038463742;124000.0;6.482351558906507e-05;0.004604945136200871;0.0043766274999495125
Canada;CAN;38505851.6;30967945.4;80.42;1.05;0.0;6004,645;76.3;94.81;2034296201073.4;5.18;52830.83;0.9200201019343665;0.0;1415926.0;161363.28;423078000.0;2112.7;2621.897621317564;1583000.0;0.004190617095714356;0.04111063472752801;0.036771709783455356
Chili;CHL;19447314.6;16336333.0;84.0;0.8;0.0;11663,39;50.24;76.89;304233155154.8;3.19;15643.97;6.436860691694972;0.0;691423.84;98908.0;179546000.0;1320.0;1815.2828891495126;755000.0;0.005085946416478499;0.038822840866676776;0.035553692333439184
Chine - RAS de Hong-Kong;HKG;7473859.6;7592934.8;100.0;-0.08;0.0;9639,476;69.67;93.87;372942195323.2;2.67;49899.55;-0.07387372676056121;0.0;23641.87;236627.79;577365000.0;7196.0;2439.9712307671048;356000.0;0.03166072185782029;0.04763268499183474;0.00316327456833682
Chine - RAS de Macao;MAC;693342.2;661907.4;95.47;1.62;0.0;9601,923;88.15;97.64;36052294341.4;9.64;51997.84;-0.07502643290835387;0.0;3184.49;26595.59;72789000.0;;2736.8823177075597;34000.0;0.03835853349183131;0.04903783442000213;0.004592955686239782
Chine, Taiwan Province de;TWN;23526637.0;18931297.8;80.47;-0.29;0.0;9834,232;74.41;91.51;;;;1.044509285333432;0.0;650000.0;239529.11;326753000.0;;1364.1473472681464;977000.0;0.010181187817026292;0.041527397222135914;0.02762825813141079
Chine, continentale;CHN;1424765643.8;892183814.2;62.62;0.05;0.0;8225,232;25.12;38.68;17353147902259.2;5.69;12179.65;1.404133716934993;0.0;14800000.0;1285570.36;4131223000.0;3408.3;3213.5331744891814;23996000.0;0.0009023030317963372;0.016842068100407125;0.010387673274130082
Chypre;CYP;1316514.6;812897.2;61.75;1.14;0.0;2954,551;59.24;75.94;31397051847.4;6.92;23848.62;1.4526710797207993;1.0;27680.0;14993.45;46174000.0;2645.2;3079.611430324575;41000.0;0.011388745707795416;0.031142837306931497;0.02102521308916741
Colombie;COL;51157050.4;41328469.0;80.79;1.31;0.0;8707,677;18.96;54.25;342011348592.4;5.72;6685.52;5.349917162057889;0.0;1817130.0;42494.76;53863000.0;3569.1;1267.520983763645;1901000.0;0.0008306725987470146;0.037160078330082925;0.03552061711517285
Comores;COM;818298.0;263359.8;32.17;1.96;0.0;7842,67;38.86;10.85;1358816262.0;5.16;1660.54;1.452671081421612;0.0;576.7;17591.37;32540000.0;;1849.770654588017;19000.0;0.021497510686815803;0.023218925134853075;0.0007047554802773562
Congo;COG;5895924.8;3986944.4;67.6;2.43;0.0;6041,018;46.92;10.38;13613096412.0;2.24;2308.9;1.4612900316652855;0.0;7026.81;213739.85;247097000.0;3746.2;1156.0642528756337;165000.0;0.036252132998711245;0.02798543156452742;0.0011918079416481026
Costa Rica;CRI;5056230.2;4140013.0;81.87;0.59;0.0;8919,449;83.89;69.81;75867978986.4;8.75;15004.85;-1.8902429978189694;0.0;148800.0;28554.63;42633000.0;282.4;1493.0328286516058;169000.0;0.005647414945624905;0.03342411110949814;0.029429039840788894
Croatie;HRV;3933590.4;2369406.4;60.24;-0.65;0.0;1081,762;67.77;72.17;74696615332.4;8.3;18989.42;3.2814780875998153;0.0;60220.0;20387.95;55491000.0;1220.2;2721.754762004027;79000.0;0.0051830383763393365;0.02008343319121381;0.015309168946517666
Croatie;HRV;3933590.4;2369406.4;60.24;-0.65;0.0;1081,762;67.77;72.17;74696615332.4;8.3;18989.42;-102.38183152078501;1.0;60220.0;20387.95;55491000.0;1220.2;2721.754762004027;79000.0;0.0051830383763393365;0.02008343319121381;0.015309168946517666
Cuba;CUB;11116223.8;8889864.2;79.98;-0.37;0.0;7729,485;56.87;5.19;160465039213.4;16.75;14435.21;0.0;0.0;24000.0;281375.51;342428000.0;;1216.9786915712743;336000.0;0.025312148717264938;0.030226091705710348;0.0021590065504078822
Côte d'Ivoire;CIV;29661770.0;14014467.0;47.23;2.56;0.0;4884,159;21.8;48.58;74156609476.6;7.54;2500.07;1.4612900316652855;0.0;118616.89;286.62;499000.0;4569.3;1740.9810899448746;69000.0;9.662943243103834e-06;0.002326226654714132;0.003998982191554988
Danemark;DNK;5870792.8;5135718.6;87.48;0.53;0.0;1027,609;76.78;98.11;397247545851.8;3.8;67665.06;1.4642318208268297;0.0;159030.0;38973.93;171156000.0;1821.0;4391.550967531372;106000.0;0.006638614464472329;0.01805548306865812;0.027088334645365104
Djibouti;DJI;1121037.0;793173.8;70.75;1.47;0.0;5595,459;24.64;17.45;3716862331.4;7.08;3315.56;0.0;0.0;;3389.86;6612000.0;;1950.523030449635;4000.0;0.0030238609430375627;0.003568124870097954;
Dominique;DMA;67198.2;53827.6;80.11;-0.49;0.0;6826,396;95.73;61.32;604028758.0;3.31;8988.76;0.0;0.0;373.29;3737.28;7438000.0;;1990.217484373662;4000.0;0.05561577542255597;0.05952540395427259;0.005555059510522604
El Salvador;SLV;6260543.2;4825360.6;77.07;0.29;0.0;8984,298;46.45;39.62;31060294043.2;5.92;4961.28;0.0;0.0;165303.15;17399.58;30928000.0;3148.2;1777.5141698822613;178000.0;0.002779244459170891;0.028432037654496176;0.026403962838240615
Espagne;ESP;47718046.6;37636548.2;78.87;0.35;1.0;1054,656;54.98;74.53;1502596429741.6;4.17;31489.06;1.4526710797207993;1.0;1392770.0;144698.45;394219000.0;1457.0;2724.417573235926;1567000.0;0.0030323632317337985;0.032838728985188595;0.029187489833248956
Estonie;EST;1341105.4;900229.2;67.13;0.68;0.0;1859,091;69.19;91.04;38589944591.4;6.94;28774.73;1.4526710797207993;1.0;22900.0;18166.73;53456000.0;2093.4;2942.521851758682;28000.0;0.013546086683418022;0.02087829934917867;0.017075466253435412
Eswatini;SWZ;1205723.8;356669.6;29.57;1.03;0.0;8846,426;30.81;24.06;4535131247.4;2.66;3761.34;5.4149666865841075;0.0;2822.93;2911.75;2618000.0;;899.115652099253;7000.0;0.002414939474529739;0.005805641391502764;0.002341274179044985
Fidji;FJI;918028.0;537160.4;58.51;0.15;0.0;16595,08;72.99;50.0;4994731921.8;2.1;5440.72;1.385351037887524;0.0;42377.0;3487.52;7137000.0;4444.2;2046.4398770473001;51000.0;0.0037989255229687983;0.055553861102275746;0.0461609014104145
Finlande;FIN;5552586.0;4792517.8;86.31;0.31;0.0;1911,138;71.09;96.7;288868206868.8;2.76;52024.09;1.4526710797207993;1.0;134770.0;7999.06;30713000.0;1996.0;3839.576150197648;140000.0;0.0014406008299556279;0.02521347710778365;0.02427157364154288
Fédération de Russie;RUS;145952188.0;107616998.0;73.74;-0.14;0.0;2494,316;13.27;12.74;1920723074020.6;4.47;13159.95;6.618918948182052;0.0;5339500.0;89837.77;180785000.0;1566.4;2012.3495941629005;5096000.0;0.0006155287648034437;0.03491554371216415;0.03658389828318298
Gabon;GAB;2376500.6;1984772.2;83.51;2.35;0.0;5438,787;33.65;25.0;19181665881.6;4.75;8071.39;1.4612900316652855;0.0;4192.79;72123.13;89336000.0;;1238.659498000156;92000.0;0.030348458569713806;0.03871238239956682;0.0017642705413160845
Gambie;GMB;2576580.4;1493263.0;57.91;2.37;0.0;4308,25;45.97;28.3;2200520662.4;7.02;854.05;5.892983870494935;0.0;1058.81;40372.0;12833000.0;2715.0;317.86881997423956;54000.0;0.01566882989562445;0.02095801085811256;0.00041093613845700295
Ghana;GHA;32520497.0;18200473.0;55.94;1.98;0.0;4827,292;45.5;45.28;74719234467.2;1.67;2297.6;19.155144905393964;0.0;74374.06;231024.48;172526000.0;309.3;746.786660876804;320000.0;0.007103965231527673;0.009839948018014608;0.002286990263402186
Grenade;GRD;116600.8;40282.2;34.55;0.24;0.0;7120,287;86.26;61.79;1220428128.0;3.22;10466.72;0.0;0.0;723.9;6352.49;13370000.0;5261.4;2104.686508754835;8000.0;0.05448067251682664;0.06861016390968158;0.006208362206777312
Grèce;GRC;10530578.8;8861008.8;84.17;-0.92;0.0;2098,726;54.03;70.75;225794453632.0;4.68;21441.79;1.4526710797207993;1.0;271690.0;59972.41;173130000.0;1848.8;2886.827459493457;274000.0;0.005695072525358245;0.026019462481967275;0.02580010132016675
Guatemala;GTM;17606498.6;9536465.4;54.15;1.47;0.0;9001,048;36.97;41.51;95584708036.4;8.12;5428.94;0.5223135138985313;0.0;468799.51;147615.73;175416000.0;;1188.328642211775;561000.0;0.008384161629956338;0.0318632348626092;0.02662650426132996
Guinée;GIN;13715329.4;5265175.0;38.37;2.54;0.0;4691,556;16.11;13.21;19880646986.8;14.66;1449.52;-0.9055824010750927;0.0;14807.42;64022.45;88034000.0;3940.4;1375.0489086250213;64000.0;0.004667948405234802;0.004666311550636181;0.0010796255465800187
Guinée équatoriale;GNQ;1759305.0;1068533.6;60.7;2.71;0.0;5058,926;38.39;5.66;12076868761.6;3.07;6864.57;1.4612900316652855;0.0;262.24;28561.63;37156000.0;15367.2;1300.9061457626892;;0.016234609689621756;;0.00014905886131171117
Guinée-Bissau;GNB;2059732.0;914460.6;44.38;2.3;0.0;4440,633;34.12;9.91;1678579842.2;8.08;814.95;1.4612900316652855;0.0;3248.65;5035.95;6002000.0;3893.4;1191.8307370009632;6000.0;0.0024449540037247562;0.002913000332082038;0.001577219754803052
Guyana;GUY;815723.6;213933.2;26.23;0.87;0.0;7320,075;43.6;31.6;13133943890.4;34.69;16100.97;0.06273449123508357;0.0;62528.0;250.36;575000.0;;2296.692762422112;53000.0;0.0003069176863339494;0.064972988399502;0.07665341544611434
Géorgie;GEO;3796625.4;2326522.6;61.28;0.07;0.0;3373,349;33.18;79.72;24593026114.2;13.99;6477.6;1.1835958519967347;0.0;24300.0;61128.3;93131000.0;2553.3;1523.5332898183;72000.0;0.016100692999630673;0.018964209637326875;0.00640042075259782
Haïti;HTI;11372920.2;6663533.0;58.57;1.2;0.0;7361,197;10.43;8.49;19859706591.4;12.72;1746.23;11.023240815515209;0.0;8903.9;104656.11;104944000.0;;1002.7508188485125;115000.0;0.00920221967265716;0.010111738935792411;0.0007829035853078438
Honduras;HND;10292374.6;5821527.4;56.54;1.74;0.0;8810,234;27.96;32.08;30875178968.0;8.64;2999.81;0.6137018677620473;0.0;241391.43;15816.19;24963000.0;1714.2;1578.3194309122487;271000.0;0.0015366900851043646;0.026330172630910656;0.023453424441042012
Hongrie;HUN;9719684.4;6925439.6;71.25;-0.18;0.0;1247,24;72.04;62.74;189741850675.4;6.06;19521.4;5.043044267607903;0.0;378980.0;85870.58;221929000.0;1194.0;2584.4590778355055;288000.0;0.008834708666055041;0.029630591709335748;0.038990977937514104
Inde;IND;1413868942.2;494812171.8;34.99;0.91;0.0;6594,23;21.33;47.17;3355669387876.8;6.77;2373.39;3.3608846843490525;0.0;5019410.0;25.02;52000.0;2944.4;2078.3373301358915;4946000.0;1.7696123914475783e-08;0.003498202593165357;0.0035501239543388845
Indonésie;IDN;276816579.2;157448314.6;56.87;0.82;0.0;11584,25;28.91;60.85;1271044437730.0;5.06;4591.65;1.7945545515874646;0.0;4444252.7;11.22;46000.0;2577.2;4099.821746880571;4078000.0;4.053225436289186e-08;0.014731776585728433;0.016054864606895626
Iran (République islamique d');IRN;88672706.4;64327224.2;72.54;1.02;0.0;4218,442;8.06;4.25;410055627876.2;13.42;4624.37;31.278454703047192;0.0;2066771.2;67506.15;163536000.0;719.2;2422.5348357149683;2176000.0;0.0007612956989886123;0.02453968180675717;0.023307861955592684
Iraq;IRQ;43104917.4;30325612.2;70.33;2.28;0.0;3867,434;2.37;6.6;225181426442.2;2.22;5224.03;1.5753671489728394;0.0;232414.89;504732.02;1007525000.0;;1996.1582782087016;627000.0;0.011709383765110753;0.014545904222055185;0.0053918416741937664
Irlande;IRL;5050233.8;3147791.2;62.33;1.3;0.0;778,2031;78.67;96.23;528047571218.4;7.3;104559.03;1.4526710797207993;1.0;148740.0;73758.66;244980000.0;1452.8;3321.3727038967354;174000.0;0.014604999079448561;0.03445385043361755;0.029452101801702726
Islande;ISL;373574.4;324751.0;86.96;1.89;0.0;2234,723;95.26;87.26;28182139229.0;6.76;75439.16;4.03404495966555;0.0;9313.0;1803.86;8738000.0;3796.9;4844.05663410686;11000.0;0.004828649928903051;0.029445272481197854;0.024929438419763236
Israël;ISR;8952047.8;8193540.2;91.53;1.7;0.0;3281,899;9.95;84.43;495582134705.6;6.02;55359.64;0.4991564826975308;0.0;581312.0;0.0;5000.0;2675.8;;641000.0;0.0;0.07160372847875096;0.06493620375887627
Italie;ITA;59778164.6;42118381.4;70.46;-0.26;1.0;1109,901;64.93;72.64;2175273604730.8;3.66;36389.1;1.4526710797207993;1.0;1083180.0;72052.44;214393000.0;2840.5;2975.513389969861;1199000.0;0.0012053304159157807;0.020057491025744875;0.01811999426961329
Jamaïque;JAM;2834124.4;1653720.8;58.35;0.14;0.0;7734,696;57.35;53.77;17112511625.2;5.91;6038.02;3.2308946336454683;0.0;137752.0;14141.45;10797000.0;402.2;763.5002068387612;159000.0;0.004989706873840824;0.05610198338506242;0.048604782485906405
Japon;JPN;125610366.0;115830372.4;92.22;-0.4;0.0;9725,629;81.52;92.45;4515790266658.8;-4.5;35950.78;5.256376672498542;0.0;2384255.0;584852.38;1369565000.0;2818.6;2341.727668099769;3510000.0;0.004656083718440881;0.027943553639514115;0.01898135540819935
Jordanie;JOR;11059790.2;9433139.0;85.31;1.8;0.0;3371,398;40.28;59.43;48577401767.2;3.76;4392.25;0.0;0.0;254000.0;55075.41;116791000.0;3050.1;2120.565239550645;300000.0;0.00497978795293965;0.027125288506829;0.022966077602448554
Kazakhstan;KAZ;19759997.6;10961733.8;55.48;1.43;0.0;5561,785;36.49;53.3;230303433314.4;10.41;11655.03;5.130523528039414;0.0;335758.1;150027.67;176927000.0;1754.9;1179.2957925694639;423000.0;0.007592494343217937;0.02140688519111966;0.01699180874394438
Kenya;KEN;53246158.0;15630906.8;29.33;1.97;0.0;6491,402;14.69;37.74;111737618872.0;4.89;2098.51;4.764283758163194;0.0;93622.0;1096.16;3489000.0;4136.9;3182.9294993431613;112000.0;2.0586649650853684e-05;0.0021034381485327074;0.0017582864851957958
Kirghizistan;KGZ;6801591.6;2371580.0;34.87;2.21;0.0;5424,702;26.54;29.25;11877488154.2;11.82;1746.28;3.930745579187415;0.0;13900.0;47561.63;55456000.0;1501.6;1165.981906002801;50000.0;0.006992720644973744;0.007351220558435176;0.002043639315244979
Kiribati;KIR;128279.2;70098.8;54.62;1.66;0.0;14371,47;91.0;42.45;277150885.0;8.74;2160.53;2.0694632458106645;0.0;1040.24;1992.12;5302000.0;;2661.4862558480413;3000.0;0.01552956363931175;0.023386488222564533;0.008109186836213509
Koweït;KWT;4526274.6;4363857.4;96.49;2.32;0.0;4415,222;58.77;63.68;154079345833.6;5.03;34041.1;0.2592772363915123;0.0;61000.0;126084.66;363903000.0;;2886.179809661223;223000.0;0.027856166746931355;0.049267890198265926;0.013476866825534626
Lesotho;LSO;2260851.2;693652.0;30.67;1.14;0.0;9054,14;35.55;29.72;2248128656.8;-0.08;994.37;5.42803503128327;0.0;494.88;16779.41;28582000.0;;1703.3971993055775;2000.0;0.0074217224026065926;0.0008846225704725723;0.0002188910088377333
Lettonie;LVA;1892886.4;1283920.0;67.83;-0.47;0.0;1704,598;66.82;86.32;39217868993.8;6.14;20718.55;1.4526710797207993;1.0;37060.0;34675.63;86415000.0;2901.0;2492.0960340158204;54000.0;0.018318917606465975;0.028527860942949353;0.019578565306401906
Liban;LBN;5746619.2;5292134.8;92.1;-0.7;0.0;3197,032;9.48;14.62;25558226706.4;-8.95;4447.52;68.0630995943601;0.0;121706.9;6203.55;19006000.0;45.0;3063.7296386746298;129000.0;0.0010795129769517354;0.022447981240865934;0.021178869830108107
Libye;LBY;7132214.2;5458953.4;76.53;1.3;0.0;2007,716;4.27;2.36;43260468024.2;-5.19;6065.5;21.069559440295336;0.0;131077.18;96518.78;189625000.0;;1964.6435647031594;236000.0;0.013532793224297722;0.03308930345922589;0.018378188922032093
Libéria;LBR;5263766.4;2753688.6;52.29;2.13;0.0;4892,298;42.65;18.4;4528759877.4;11.6;860.36;87.49184087063871;0.0;14758.59;1738.27;2246000.0;;1292.08926116196;69000.0;0.00033023311976762494;0.01310848444946189;0.0028038079349417934
Lituanie;LTU;2811265.8;1938374.6;68.96;0.37;0.0;1700,296;72.51;88.21;71752762922.8;8.77;25523.29;1.4526710797207993;1.0;83040.0;42595.82;97988000.0;1198.9;2300.4135147533257;75000.0;0.015151829471265222;0.02667837384853471;0.029538295525097628
Luxembourg;LUX;641889.0;560646.0;87.35;1.81;1.0;289,1023;87.68;99.06;83122741007.8;5.14;129497.06;1.4526710797207993;1.0;0.0;9056.16;54599000.0;3654.7;6028.935001148389;13000.0;0.014108607562989862;0.020252722822793348;0.0
Macédoine du Nord;MKD;1858559.8;1228380.4;66.11;-0.93;0.0;1672,04;51.18;66.04;14619423199.4;6.41;7866.0;1.424896194933371;0.0;2074.0;36153.31;63799000.0;836.8;1764.6793613088264;38000.0;0.019452325397331847;0.02044593883930988;0.0011159178198086497
Madagascar;MDG;29699477.0;11160753.6;37.54;2.56;0.0;8763,332;19.91;21.23;15156420613.2;4.22;510.33;5.088550724838352;0.0;54965.54;0.23;2000.0;3430.9;8695.652173913044;90000.0;7.744244115813891e-09;0.003030356393144566;0.0018507241726849265
Malaisie;MYS;34286868.8;25864381.8;75.42;1.31;0.0;10436,4;50.71;73.11;390529213238.0;3.8;11390.05;2.0980034746385914;0.0;1564606.18;237671.44;456091000.0;1558.6;1918.9979241931635;1799000.0;0.006931850248162644;0.05246906652496655;0.04563281030783423
Malawi;MWI;20056021.6;3699572.4;18.43;2.64;0.0;7650,657;37.91;22.17;12037717479.6;0.04;600.2;14.41866010723493;0.0;102278.16;301.28;981000.0;8282.6;3256.1072756240046;147000.0;1.5021922393621672e-05;0.007329469569378604;0.0050996235464764355
Maldives;MDV;511220.6;191373.6;37.43;2.15;0.0;8294,178;62.56;26.42;5775233214.6;7.8;11296.95;-0.0017770610897545798;0.0;;14119.76;32244000.0;;2283.6082199697444;18000.0;0.027619700771056566;0.03520984874240201;
Mali;MLI;22402527.6;9348381.4;41.69;3.06;0.0;4139,756;0.47;25.94;19590379155.6;4.82;874.47;1.4612900316652855;0.0;61467.94;152.81;346000.0;4099.0;2264.2497218768403;58000.0;6.821105311348885e-06;0.002588993574100094;0.0027437948564339675
Malte;MLT;521549.2;412825.2;79.18;1.93;0.0;1752,693;77.25;74.06;20355618099.0;8.52;39029.14;1.4526710797207993;1.0;4740.0;5619.7;20040000.0;2356.3;3566.026656227201;14000.0;0.01077501413097748;0.02684310511836659;0.009088308447218403
Maroc;MAR;36958223.4;24019493.2;64.98;1.02;0.0;1816,853;29.86;50.94;138934750949.6;4.32;3759.24;0.959570147754274;0.0;565000.0;5771.89;4169000.0;1718.7;722.293737406638;654000.0;0.00015617336194791227;0.017695655792805236;0.015287531380634493
Maurice;MUS;1279766.8;520619.0;40.68;-0.24;0.0;9422,744;74.88;82.55;13168803059.6;2.43;10290.0;5.128514694862211;0.0;59200.0;303.08;580000.0;2513.3;1913.6861554705029;60000.0;0.00023682439644472726;0.04688354159523438;0.04625842770729792
Mauritanie;MRT;4740158.2;2756950.0;58.13;2.97;0.0;3794,96;26.07;15.09;9668457790.2;6.27;2039.69;1.7463708842988386;0.0;4911.39;51423.32;39590000.0;;769.884169283508;37000.0;0.010848439615369798;0.007805646655421754;0.0010361236466749147
Mexique;MEX;127712612.4;109665583.2;85.86;0.82;0.0;9206,813;22.75;46.23;1515323181498.8;8.37;11865.1;-0.834176186293741;0.0;3888207.85;967112.39;1257122000.0;2142.9;1299.8716726191462;4950000.0;0.007572567593958324;0.03875889708133478;0.030444979371512724
Micronésie (États fédérés de);FSM;111513.2;25078.6;22.49;0.49;0.0;13396,33;89.57;30.66;427200000.0;4.34;3830.94;0.0;0.0;161.24;;;;;4000.0;;0.035870192945767855;0.0014459274776439024
Mongolie;MNG;3336103.8;2235829.6;67.02;1.62;0.0;7053,423;67.3;45.75;17825916675.2;10.98;5343.33;5.2600189352043065;0.0;160.0;25250.08;51707000.0;3472.5;2047.795492133094;24000.0;0.007568733322985934;0.007194020761584217;4.796013841056145e-05
Monténégro;MNE;614330.6;426779.4;69.48;0.58;;;48.82;64.15;6518099033.6;8.93;10610.08;1.4526710797207993;1.0;1852.96;10464.9;27995000.0;;2675.1330638610975;12000.0;0.017034639003819768;0.019533456415812594;0.003016226116687009
Mozambique;MOZ;31733454.8;12523656.4;39.43;3.0;0.0;8855,655;11.85;24.53;18556331937.8;8.13;584.76;0.9605162562553282;0.0;152784.0;44069.89;38840000.0;3877.4;881.3273643297044;194000.0;0.0013887517220469798;0.006113421977615875;0.004814603419732289
Myanmar;MMR;53386984.4;17389615.8;32.57;0.7;0.0;8892,726;4.74;7.08;69936614983.2;-6.45;1309.99;16.075723535055385;0.0;620000.0;87.69;170000.0;;1938.6475082677614;683000.0;1.6425351794172514e-06;0.012793380403033216;0.011613317496164852
Namibie;NAM;2808512.2;1458796.8;51.91;2.83;0.0;8084,97;63.51;51.42;12273288868.0;2.04;4370.03;5.4280165978472255;0.0;12100.76;23816.74;26796000.0;700.6;1125.091007417472;24000.0;0.008480198163283749;0.008545449793666553;0.004308601543550354
Nauru;NRU;11723.0;11240.4;95.89;0.68;0.0;14455,09;82.94;52.36;177296020.4;7.42;15123.78;2.0694632458106645;0.0;4.02;587.56;1474000.0;;2508.67996459936;1000.0;0.050120276379766265;0.08530239699735563;0.00034291563592936955
Nicaragua;NIC;6649586.4;3842276.6;57.78;1.29;0.0;8906,699;42.18;20.28;15076175384.25;8.99;2267.24;2.880488896193363;0.0;163310.34;14185.37;21632000.0;2557.8;1524.9514112074623;165000.0;0.002133271025698681;0.024813573367510496;0.0245594733531096
Niger;NER;24527870.2;4201407.4;17.11;3.35;0.0;3932,638;8.53;20.75;16029114694.0;8.35;653.51;1.4612900316652855;0.0;20384.86;4803.39;6806000.0;3672.5;1416.9159697630214;22000.0;0.0001958339619719612;0.0008969388626330875;0.0008310896883333964
Nigéria;NGA;218608990.0;111640636.6;51.03;2.15;0.0;4722,149;7.58;16.98;383030053814.2;-13.56;1752.12;26.253989593058662;0.0;324135.98;678.63;1329000.0;837.5;1958.3572786348968;355000.0;3.104309662653855e-06;0.001623903939174688;0.0014827202669021066
Norvège;NOR;5422212.6;4583603.0;84.53;0.77;0.0;1342,89;77.73;93.4;493831292203.4;6.7;91075.6;4.644161714396433;0.0;107624.0;701.48;2121000.0;2655.4;3023.607230427097;118000.0;0.00012937154105687411;0.021762333701190545;0.019848723747940094
Nouvelle-Calédonie;NCL;285997.8;208886.8;73.03;0.44;0.0;16757,74;;;9978065082.6;2.35;34888.61;1.4612900274721803;0.0;969.32;8540.08;22365000.0;;2618.8279266704762;11000.0;0.029860649277721717;0.038461834321802474;0.0033892568404372343
Nouvelle-Zélande;NZL;5094313.0;4231067.6;83.05;1.09;0.0;19263,88;96.21;98.58;244707150728.4;4.27;48035.36;2.231420286446857;0.0;228151.0;1.67;7000.0;1474.2;4191.616766467066;216000.0;3.278165279597072e-07;0.04240022158041722;0.04478543034163782
Népal;NPL;29253139.6;6429407.8;21.97;1.13;0.0;7244,016;39.34;27.36;38750891966.2;5.2;1324.67;3.4181840552069374;0.0;200657.66;0.03;0.0;2257.6;0.0;206000.0;1.0255309484798e-09;0.007041979179561293;0.006859354679317908
Oman;OMN;4678731.4;4564000.4;97.6;1.94;0.0;5620,005;65.88;66.51;96928759645.4;4.64;20716.89;0.0;0.0;6855.67;91463.91;216908000.0;;2371.514622543471;87000.0;0.0195488695931551;0.01859478404765873;0.001465283944276006
Ouganda;UGA;45867407.8;12474255.6;27.16;3.2;0.0;6128,938;19.43;32.55;46937889555.8;8.03;1023.34;0.13447517515278543;0.0;92231.24;59.71;48000.0;;803.8854463238988;69000.0;1.3017958254880932e-06;0.0015043361574054335;0.0020108230315121494
Ouzbékistan;UZB;34277206.2;16969811.2;49.52;1.95;0.0;5153,064;40.76;31.13;80173262814.2;10.6;2338.97;7.495554791018281;0.0;170184.0;71328.39;72878000.0;;1021.7250101958;221000.0;0.0020809277624265652;0.006447433280020353;0.004964932060303094
Pakistan;PAK;239297121.6;79458737.8;33.2;1.75;0.0;5932,586;6.64;19.81;329181858253.8;6.51;1375.62;13.785498273031763;0.0;2160000.0;61.62;42000.0;844.0;681.5968841285297;1981000.0;2.575041420807462e-07;0.008278411318759464;0.009026435360181951
Palestine;PSE;5185453.6;4206608.2;81.1;2.2;;;7.11;41.98;17758592479.8;2.14;3424.69;0.0;0.0;37471.2;9200.0;18500000.0;3986.3;2010.8695652173913;;0.0017741938718726555;;0.007226214501273331
Panama;PAN;4346579.6;2993334.6;68.85;1.36;0.0;8671,104;52.61;55.66;74349166160.4;5.44;17105.21;0.0;0.0;235706.87;12307.87;16798000.0;6801.9;1364.8177954430782;227000.0;0.0028316219033467146;0.05222497248181076;0.05422812687014866
Papouasie-Nouvelle-Guinée;PNG;10006091.2;1202923.4;12.02;2.03;0.0;14565,84;27.01;27.83;28798047511.2;5.25;2878.05;2.5778570266682586;0.0;6820.28;28845.98;55256000.0;;1915.5528777320098;36000.0;0.002882842003278963;0.003597808502884723;0.0006816128160015172
Paraguay;PRY;6681517.8;4468942.2;66.88;1.26;0.0;10168,73;49.29;50.47;40964176194.8;3.45;6130.97;4.613686480623376;0.0;75692.23;5.5;16000.0;5604.9;2909.090909090909;71000.0;8.231662572237703e-07;0.010626328047797763;0.011328598121821961
Pays-Bas (Royaume des);NLD;17780349.4;15945939.6;89.69;0.76;0.0;427,9169;68.72;97.17;1074786601394.8;5.15;60448.0;1.4526710797207993;1.0;849620.0;652620.62;1486515000.0;1175.4;2277.762844820931;408000.0;0.03670460041690744;0.02294668067659008;0.047784212834422704
Philippines;PHL;112968487.0;53101819.8;47.0;0.97;0.0;10751,64;23.7;57.55;412369714542.4;4.38;3650.31;1.4042369091786577;0.0;1511895.9;268537.88;279733000.0;2268.8;1041.689165044425;1818000.0;0.002377104333529757;0.016092983523803412;0.013383342028826144
Pologne;POL;38317156.4;22740480.4;59.35;0.27;0.0;1368,178;63.98;76.42;744041808203.0;9.05;19417.98;1.6215904487727546;0.0;2284950.0;27822.07;56293000.0;1390.4;2023.3217729665694;1293000.0;0.0007260995494957972;0.03374467527031834;0.05963255665809272
Polynésie française;PYF;279906.2;181339.4;64.78;0.09;0.0;15724,43;;;6151552166.4;2.02;21977.19;1.4612900274721803;0.0;551.14;15818.64;30652000.0;;1937.713988054599;17000.0;0.05651407507229207;0.06073463181594405;0.001969016763472906
Porto Rico;PRI;3260006.8;3411933.2;100.0;-0.29;0.0;6916,064;61.14;71.7;112185794571.4;2.7;34412.75;0.0;0.0;18000.0;;;1007.6;;;;;0.005521460875480382
Portugal;PRT;10390499.8;6806571.8;65.51;0.2;0.0;1452,86;70.62;75.47;266753248570.6;4.9;25672.8;1.4526710797207993;1.0;322970.0;59745.0;177976000.0;1732.2;2978.9271068708676;338000.0;0.005749964020017593;0.03252971526932708;0.031083201599214696
Pérou;PER;33152963.8;26443143.4;79.76;1.19;0.0;10268,11;24.17;60.38;244377072110.4;4.54;7371.2;2.226666332400651;0.0;1781472.73;94825.3;136326000.0;2069.1;1437.6542969017762;1888000.0;0.002860235982883678;0.05694815134446592;0.05373494631571974
Qatar;QAT;2857563.0;2819874.0;98.69;1.54;0.0;4981,916;84.36;81.13;199059990692.4;6.46;69660.75;0.02383063347572989;0.0;29006.0;97070.57;232746000.0;3983.5;2397.6989112147994;165000.0;0.033969704254989304;0.057741509111085214;0.010150607353188713
Roumanie;ROU;19285484.6;10487755.0;54.38;-0.49;;;56.4;63.21;312839697215.4;8.7;16221.51;2.5685336581599034;0.0;500760.0;82764.25;159992000.0;2638.7;1933.1051752417256;429000.0;0.004291530740171289;0.022244709370694265;0.025965642574519488
Royaume-Uni de Grande-Bretagne et d'Irlande du Nord;GBR;67798777.6;56963267.0;84.02;0.57;0.0;342,9475;62.09;92.92;3178252579495.4;4.79;46877.73;0.7156059458258558;0.0;1851010.0;451829.95;1711611000.0;1522.3;3788.1751751958896;2507000.0;0.006664278708175412;0.036977067857931416;0.027301524681176557
Rwanda;RWA;13360540.2;2353425.4;17.61;2.25;0.0;6253,41;49.76;56.13;12552165534.8;6.66;939.5;7.096085113391244;0.0;11350.61;2161.08;3307000.0;3878.3;1530.2533918226072;10000.0;0.00016175094477093076;0.0007484727301670033;0.000849562205576089
République arabe syrienne;SYR;21817719.6;11115941.2;50.9;3.81;0.0;3280,692;0.0;3.77;27118239523.0;-4.38;1242.95;56.74327010350848;0.0;105513.0;9321.86;9971000.0;;1069.636317215663;116000.0;0.0004272609681902778;0.005316779302636193;0.004836114953095281
République centrafricaine;CAF;5066778.2;2147233.6;42.36;1.1;0.0;5186,042;3.32;6.13;2505503994.0;4.46;494.5;1.4612900316652855;0.0;6439.79;17726.77;12392000.0;;699.0557219391914;13000.0;0.0034986275894216172;0.002565732993798702;0.0012709832058565341
République de Corée;KOR;51801195.2;42064035.4;81.2;0.04;0.0;8981,467;68.25;84.91;1834255496934.6;1.24;35409.52;3.587011554091646;0.0;923000.0;245834.72;575329000.0;2377.4;2340.3081550075594;1130000.0;0.004745734515407474;0.021814168488529392;0.017818121694612946
République de Moldova;MDA;3062505.2;1722569.8;56.25;-0.55;0.0;1976,854;20.38;54.72;14921502707.8;9.54;4872.32;0.8472737066351321;0.0;46144.9;20623.92;31576000.0;1668.2;1531.0377464613905;69000.0;0.006734329789872683;0.02253057398890294;0.015067696864645323
République dominicaine;DOM;11117563.6;9329782.8;83.91;1.0;0.0;7178,52;53.55;58.02;106890911378.4;7.94;9614.6;3.0815977747303087;0.0;391322.44;46601.89;56150000.0;1571.5;1204.8867545930004;420000.0;0.004191735858385375;0.037778061373087174;0.03519857894044339
République démocratique du Congo;COD;99254614.2;42755507.4;43.04;3.27;;;5.21;8.02;59986992740.4;8.59;604.37;8.968665603936024;0.0;10000.0;58553.0;42536000.0;;726.4529571499326;101000.0;0.0005899272338313114;0.0010175849335979786;0.00010075098352455235
République démocratique populaire lao;LAO;7452272.6;2683171.0;35.99;1.46;0.0;9245,57;75.36;17.92;16779313878.8;-3.56;2251.57;15.776721884959066;0.0;41201.63;9283.38;10868000.0;3150.0;1170.6942945349647;48000.0;0.0012457112747056515;0.006440988216131547;0.0055287336107377495
République populaire démocratique de Corée;PRK;26230705.4;16257773.0;61.98;0.37;0.0;8783,568;30.33;0.0;16199308705.4;0.74;617.57;0.7879044763929125;0.0;12392.99;1759.07;3225000.0;;1833.3551251513584;40000.0;6.706148283759079e-05;0.0015249303970300396;0.00047246117902723274
République-Unie de Tanzanie;TZA;62861505.6;23295052.0;37.01;3.01;0.0;7168,277;44.08;30.19;75001865451.6;6.46;1193.13;2.3103611729576348;0.0;96916.0;9418.34;4950000.0;;525.5703234327917;102000.0;0.00014982682820120045;0.0016226146514696268;0.0015417384466846114
Saint-Kitts-et-Nevis;KNA;46810.4;17707.4;37.83;-0.11;0.0;6760,687;80.57;69.34;981011970.0;1.04;20957.14;0.0;0.0;49.05;3593.06;8223000.0;;2288.5785375139853;4000.0;0.07675772905166373;0.08545109633756601;0.0010478440688394032
Saint-Vincent-et-les Grenadines;VCT;102780.6;59311.0;57.72;-0.7;0.0;6989,701;86.26;62.26;1003132871.4;5.54;9759.94;0.0;0.0;198.0;7897.23;15334000.0;6269.7;1941.693479865725;10000.0;0.0768358036438783;0.09729462563946892;0.0019264335876614845
Sainte-Lucie;LCA;178499.8;34467.4;19.31;0.25;0.0;6903,772;86.26;64.62;2136983317.0;6.01;11971.91;0.0;0.0;1316.92;9286.11;17586000.0;5177.3;1893.7962182227002;12000.0;0.05202308349925323;0.06722696608063426;0.00737771134757574
Samoa;WSM;213485.4;35753.8;16.75;0.86;0.0;16011,92;90.52;42.92;715279791.6;-17.05;3350.49;1.0405079697905402;0.0;364.5;16076.59;18779000.0;;1168.0959706007307;18000.0;0.07530533703944157;0.0843148992858528;0.0017073767105385193
Sao Tomé-et-Principe;STP;221992.8;167238.2;75.3;1.9;0.0;5432,882;60.19;16.51;601987625.8;12.74;2711.74;1.4952782498255823;0.0;541.06;3380.22;3495000.0;;1033.9563697037472;3000.0;0.015226710055461258;0.013513951803842288;0.0024372862543289692
Serbie;SRB;6854761.8;4914360.6;71.7;-0.71;;;44.55;56.6;67556848017.8;10.14;9855.46;1.2855584758111032;0.0;126506.0;11640.12;16986000.0;1820.9;1459.2633065638497;131000.0;0.0016981071464802762;0.019110802654003237;0.018455200004178118
Seychelles;SYC;122880.2;55892.0;45.5;2.15;0.0;7855,244;73.93;58.96;1847795459.0;5.06;15037.37;0.7251013467677684;0.0;1102.49;3787.55;7433000.0;;1962.4823434674129;5000.0;0.03082311063946836;0.040690037939391376;0.00897207198555992
Sierra Leone;SLE;8095294.0;3563831.0;44.01;2.29;0.0;4724,351;37.44;13.68;7121814531.0;5.47;879.75;10.978634902450331;0.0;19808.08;30817.78;29717000.0;;964.2810092096187;48000.0;0.003806875945456706;0.005929370817168592;0.0024468635728362676
Singapour;SGP;5654995.6;5983078.8;100.0;0.55;0.0;10748,26;97.16;100.0;462690472666.8;7.61;81819.78;-0.1565248229713647;0.0;44986.16;175193.1;333603000.0;2325.1;1904.2017065740602;;0.030980236306461496;;0.007955118479667784
Slovaquie;SVK;5467932.2;2934799.6;53.67;0.27;0.0;1094,61;64.45;71.23;123890851265.4;6.31;22657.72;1.4526710797207993;1.0;;108601.13;251748000.0;1339.0;2318.0974267947304;95000.0;0.019861462437299422;0.017374026693308304;
Slovénie;SVN;2106595.2;1153907.0;54.78;0.47;0.0;965,7366;75.83;75.0;63477479842.8;6.64;30132.74;1.4526710797207993;1.0;69660.0;19069.17;54655000.0;1825.4;2866.1446722641836;56000.0;0.00905212828739;0.0265831802901668;0.03306757748237535
Somalie;SOM;17222821.0;7765529.0;45.06;3.51;0.0;6623,439;2.84;2.83;10261715685.0;6.86;595.82;0.0;0.0;4049.12;8916.18;19004000.0;;2131.4060505732273;14000.0;0.0005176956783096103;0.0008128749639794782;0.00023510201958204174
Soudan;SDN;47966093.6;15897376.0;33.13;2.5;0.0;4612,387;1.9;4.72;43359184430.0;24.15;903.95;69.39471339028442;0.0;90561.35;1736.82;3713000.0;;2137.815087343536;79000.0;3.620932766557416e-05;0.00164699674438362;0.0018880284635061464
Soudan du Sud;SSD;10898436.4;2869187.4;26.31;2.56;;;3.79;0.94;5751171847.8;30.25;527.71;32.83421378559473;0.0;52506.16;3374.45;7464000.0;;2211.916015943339;55000.0;0.00030962698465625765;0.005046595491441323;0.00481777000597994
Sri Lanka;LKA;22695862.6;3991654.4;17.59;0.64;0.0;8526,015;25.59;33.02;86584121271.4;3.34;3814.97;10.261433444466588;0.0;236110.0;200.34;505000.0;3492.8;2520.7147848657282;228000.0;8.827159536998606e-06;0.010045883869600092;0.010403217721277534
Suisse;CHE;8717574.4;6460586.4;74.11;0.82;1.0;436,0778;88.63;95.75;844082522445.0;5.49;96825.39;-1.749602755490308;0.0;108317.0;32588.76;169828000.0;3921.9;5211.244613173377;157000.0;0.0037382829792654247;0.018009596797934985;0.012425130550075948
Suriname;SUR;617606.2;385610.2;62.44;0.96;0.0;7196,987;59.72;23.11;3989248747.2;5.1;6459.21;24.867865531987466;0.0;9241.01;16090.73;17936000.0;889.5;1114.6790729817728;28000.0;0.026053381588462033;0.04533633243966787;0.014962625051367685
Suède;SWE;10417554.8;8987526.0;86.27;0.73;0.0;1545,797;73.46;95.28;590803597361.6;2.99;56712.31;3.255557829276364;0.0;166880.0;66789.32;253692000.0;1471.7;3798.3917189155386;233000.0;0.006411228093563761;0.022366093049013765;0.01601911419750823
Sénégal;SEN;17218336.8;8593115.8;49.88;2.58;0.0;4217,159;41.23;39.15;28855468137.8;7.98;1675.86;1.4612900316652855;0.0;148471.53;124.19;501000.0;;4034.141235204123;144000.0;7.212659471267864e-06;0.00836317709849885;0.008622872913021424
Tadjikistan;TJK;9963641.0;2679852.2;26.89;2.22;0.0;5291,823;27.49;11.32;10662681064.2;10.4;1070.16;2.760203765183378;0.0;19097.44;1430.0;4324000.0;701.1;3023.7762237762236;28000.0;0.00014352183102542534;0.0028102176704279088;0.0019167129767120271
Tchad;TCD;17902511.0;3995411.4;22.31;3.64;0.0;4248,435;9.0;12.26;16642240248.4;4.68;929.6;1.4612900316652855;0.0;6538.31;2148.15;4715000.0;1063.1;2194.9119009380165;9000.0;0.00011999154755441848;0.0005027227744756029;0.00036521748262017547
Tchéquie;CZE;10623723.2;7891400.4;74.29;0.49;0.0;884,6105;82.46;87.74;305301463661.2;6.0;28737.71;1.1031271778147926;0.0;159100.0;100733.61;266169000.0;1354.0;2642.30578056321;266000.0;0.009481949793270217;0.025038302955784842;0.01497591729423071
Thaïlande;THA;71665770.2;36239723.4;50.57;0.09;0.0;9454,805;36.02;57.08;508777296849.2;-0.56;7099.31;1.471935390916827;0.0;1844650.65;792.75;2853000.0;1427.3;3598.864711447493;877000.0;1.1061766276810347e-05;0.012237362377499433;0.025739633368232467
Timor-Leste;TLS;1346143.6;447759.0;33.24;1.64;;;54.5;34.43;2667271007.6;7.26;1981.42;0.0;0.0;694.2;6154.0;8750000.0;;1421.8394540136496;7000.0;0.004571577653379624;0.005200039579729829;0.0005156953537497782
Togo;TGO;8881048.4;3725881.2;41.93;2.41;0.0;4753,381;14.22;33.96;8693076476.6;7.55;978.83;1.4612900316652855;0.0;33079.17;20838.15;14984000.0;3284.4;719.065751998138;48000.0;0.0023463614948883737;0.005404767302022585;0.003724692008209301
Tonga;TON;105300.4;25887.8;24.59;-0.18;0.0;16941,44;90.05;37.26;518149193.4;2.64;4920.68;0.9871399108536684;0.0;268.4;8609.1;12637000.0;;1467.8653982413957;10000.0;0.08175752418794231;0.09496640088736606;0.0025488981998169047
Trinité-et-Tobago;TTO;1490497.6;734772.8;49.3;0.44;0.0;7225,325;57.82;47.64;24971837294.4;2.46;16754.03;-0.0508538742376774;0.0;50141.0;20282.82;29471000.0;3302.2;1453.0030833976734;72000.0;0.013608086319629094;0.0483060153870761;0.03364044329893587
Tunisie;TUN;12043505.0;8397567.8;69.72;0.73;0.0;1483,828;22.27;28.77;47136351347.0;5.09;3913.84;2.6737650592703353;0.0;151408.44;453.79;735000.0;1920.2;1619.6919279843098;240000.0;3.767923042336928e-05;0.019927753590005568;0.012571792015696427
Turkménistan;TKM;7088106.0;3241960.0;45.73;2.05;0.0;4581,08;43.13;1.42;55172616930.4;7.13;7783.83;0.0;0.0;23720.45;39443.21;39462000.0;5191.4;1000.4763811058989;76000.0;0.0055647037445546105;0.010722187281059285;0.0033465145696184567
Tuvalu;TUV;10196.4;7521.8;73.88;-1.8;0.0;15531,51;94.31;44.81;63614046.8;6.42;6238.87;2.0694632458106645;0.0;63.41;393.73;889000.0;;2257.892464379143;0.0;0.038614609077713705;0.0;0.0062188615589816015
Türkiye;TUR;86492918.2;64579805.0;74.66;0.67;0.0;2255,81;13.74;43.87;968330106306.4;11.3;11195.48;31.934970580524908;0.0;2328790.69;67854.27;110239000.0;967.0;1624.6435191182513;1806000.0;0.0007845066557136929;0.020880322199604083;0.02692464005683184
Ukraine;UKR;42543542.8;30250666.8;71.41;-3.49;0.0;2025,144;10.9;43.4;178238477545.2;5.87;4189.55;6.490653983601173;0.0;1266300.0;56840.43;31817000.0;1837.7;559.760015890098;907000.0;0.001336053047279363;0.02131933403534038;0.029764798995536405
Uruguay;URY;3394372.6;3351458.6;98.74;-0.04;0.0;10972,42;81.99;73.58;68726943426.0;6.19;20247.32;4.484999647163164;0.0;74218.0;2863.32;5721000.0;2240.7;1998.030258580948;85000.0;0.0008435491142015464;0.02504144654007636;0.021865012697781027
Vanuatu;VUT;306033.2;77013.4;25.16;2.35;0.0;16346,35;81.04;48.11;1063585164.0;6.07;3475.39;1.3090638638253438;0.0;514.29;5452.36;14732000.0;;2701.9492476652313;5000.0;0.017816236931156488;0.016338096650951595;0.001680503945323579
Venezuela (République bolivarienne du);VEN;28426774.4;29637592.2;100.0;-1.03;0.0;7618,86;12.32;1.89;143199089751.6;12.93;5037.47;-130.02506478154785;0.0;477627.0;1423.48;1822000.0;;1279.961783797454;449000.0;5.0075326168557486e-05;0.015794968281733716;0.016802011838529245
Viet Nam;VNM;98844182.4;37788773.2;38.22;0.84;0.0;9208,554;45.02;38.21;401984134957.2;6.48;4066.85;1.7080365154818071;0.0;1549674.0;236321.76;274894000.0;4309.3;1163.2191635675022;1468000.0;0.0023908514822213755;0.014851658077956846;0.015677948487942572
Yémen;YEM;37200035.2;11924158.8;32.04;2.94;0.0;5317,261;0.95;3.3;11097207012.2;13.49;298.31;35.51316825619477;0.0;203797.05;116791.59;251097000.0;3308.5;2149.95788652248;305000.0;0.0031395559002051696;0.00819891697306781;0.0054784101387086856
Zambie;ZMB;19610748.8;8706129.6;44.36;2.89;0.0;7604,841;52.13;33.49;24312763626.8;3.17;1239.77;15.284629237241186;0.0;50992.14;22622.43;19894000.0;1206.0;879.3927089176539;99000.0;0.0011535729834038768;0.00504825190560801;0.002600213817434651
Zimbabwe;ZWE;15801068.8;5839287.0;36.95;1.68;0.0;7949,676;15.17;8.96;61942685247.0;100.0;3920.16;-34.53612032414512;0.0;97773.99;7629.48;7095000.0;;929.9454222306108;117000.0;0.00048284581863221803;0.0074045624052975455;0.006187808637349899
Égypte;EGY;110995862.4;44893092.2;40.44;1.62;0.0;3215,215;16.59;26.89;372628639452.6;-0.91;3357.14;15.598859114329427;0.0;2077267.77;24424.87;120640000.0;1078.3;4939.227926289885;2642000.0;0.00022005207646370788;0.023802689063119525;0.018714821661676644
Émirats arabes unis;ARE;9899917.2;8674086.8;87.73;2.64;0.0;5249,535;70.14;82.08;463944074406.6;6.09;46863.43;0.0;0.0;60000.0;494893.11;1069049000.0;;2160.1614134413794;759000.0;0.04998962112531608;0.0766673078841508;0.00606065674973524
Équateur;ECU;17674504.0;11309460.6;63.98;1.07;0.0;9367,098;32.7;23.58;111795524265.6;2.56;6325.24;0.0;0.0;563300.0;42.61;224000.0;3322.2;5256.981929124619;518000.0;2.4108172993143115e-06;0.02930775313411907;0.03187076706650439
Érythrée;ERI;3352297.0;2334305.0;69.58;1.68;0.0;4993,154;17.54;0.47;2276863313.6;4.01;679.19;0.0;0.0;1140.21;40.37;110000.0;16134.2;2724.7956403269754;;1.2042489075401135e-05;;0.0003401279779208107
États-Unis d'Amérique;USA;340479809.4;276645453.4;81.25;0.5;0.0;5838,157;47.39;90.57;25585147227242.0;6.33;75144.39;0.0;0.0;19901890.0;60044.58;247256000.0;2070.4;4117.873753134754;18130000.0;0.00017635283603398307;0.053248385071493765;0.05845248220466139
Éthiopie;ETH;122173924.2;25628856.2;20.96;2.7;0.0;5582,502;6.16;14.15;123990469233.6;10.45;1014.87;18.32128316625635;0.0;64342.25;135.2;138000.0;7280.4;1020.7100591715977;49000.0;1.1066191160290158e-06;0.00040106757903418476;0.0005266447027982097
Îles Cook;COK;15179.8;13288.8;87.74;-3.04;0.0;16568,87;94.79;49.53;312613646.2;2.63;20594.06;2.2451160350680297;0.0;44.98;1225.47;2335000.0;6550.3;1905.391400850286;;0.08073031265234061;;0.0029631483945770035
Îles Marshall;MHL;41396.8;41652.2;100.0;-3.03;0.0;13705,24;93.36;36.32;264969587.6;4.58;6400.73;0.0;0.0;;;;;;3000.0;;0.0724693696131102;
Îles Salomon;SLB;763261.4;165810.0;21.71;2.44;0.0;15178,2;60.66;21.7;1596058945.6;1.31;2091.1;1.0208597064474894;0.0;285.03;5681.5;11644000.0;;2049.4587696911026;7000.0;0.007443714564892185;0.009171169929463222;0.00037343693785641454
