country,year,political_stability
Afghanistan,2019,-2.65253973007202
Afghanistan,2020,-2.702721118927
Afghanistan,2021,-2.51867604255676
Afghanistan,2022,-2.54495596885681
Afghanistan,2023,-2.48408055305481
Albania,2019,0.11010505259037
Albania,2020,0.0886125192046165
Albania,2021,0.196371927857399
Albania,2022,0.106261312961578
Albania,2023,0.183348968625069
Algeria,2019,-1.05585384368896
Algeria,2020,-0.847820401191711
Algeria,2021,-0.992457151412964
Algeria,2022,-0.650652348995209
Algeria,2023,-0.577885270118713
American Samoa,2019,1.1449339389801
American Samoa,2020,1.09020864963531
American Samoa,2021,1.0668408870697
American Samoa,2022,1.12317395210266
American Samoa,2023,1.11422121524811
Andorra,2019,1.57736670970917
Andorra,2020,1.58867537975311
Andorra,2021,1.58125936985016
Andorra,2022,1.58598840236664
Andorra,2023,1.58346593379974
Angola,2019,-0.368411600589752
Angola,2020,-0.599917888641357
Angola,2021,-0.710480749607086
Angola,2022,-0.630108535289764
Angola,2023,-0.34150505065918
Antigua and Barbuda,2019,0.938079655170441
Antigua and Barbuda,2020,0.929578840732574
Antigua and Barbuda,2021,0.949669897556305
Antigua and Barbuda,2022,0.938082098960876
Antigua and Barbuda,2023,0.923393249511719
Argentina,2019,-0.0978230908513069
Argentina,2020,-0.0719974040985107
Argentina,2021,0.000530058634467423
Argentina,2022,-0.0985943302512169
Argentina,2023,-0.127517908811569
Armenia,2019,-0.420024991035461
Armenia,2020,-0.77164489030838
Armenia,2021,-0.804041028022766
Armenia,2022,-0.740756273269653
Armenia,2023,-0.829278230667114
Aruba,2019,1.33580732345581
Aruba,2020,1.3715912103653
Aruba,2021,1.43172669410706
Aruba,2022,1.48307979106903
Aruba,2023,1.43252456188202
Australia,2019,0.917978942394257
Australia,2020,0.862161874771118
Australia,2021,0.83507913351059
Australia,2022,0.983715951442719
Australia,2023,0.91705721616745
Austria,2019,0.892189025878906
Austria,2020,0.887600898742676
Austria,2021,0.899554431438446
Austria,2022,0.648710012435913
Austria,2023,0.727989196777344
Azerbaijan,2019,-0.693411469459534
Azerbaijan,2020,-0.852253794670105
Azerbaijan,2021,-0.837823569774628
Azerbaijan,2022,-0.922807276248932
Azerbaijan,2023,-0.730753898620605
"Bahamas, The",2019,0.801568567752838
"Bahamas, The",2020,0.830306887626648
"Bahamas, The",2021,0.850968539714813
"Bahamas, The",2022,0.881239235401154
"Bahamas, The",2023,1.00856232643127
Bahrain,2019,-0.626829981803894
Bahrain,2020,-0.610104620456696
Bahrain,2021,-0.524761199951172
Bahrain,2022,-0.362905442714691
Bahrain,2023,-0.373967587947845
Bangladesh,2019,-0.928628742694855
Bangladesh,2020,-0.915816903114319
Bangladesh,2021,-1.03688275814056
Bangladesh,2022,-1.046462059021
Bangladesh,2023,-0.908656716346741
Barbados,2019,1.03293108940125
Barbados,2020,1.12065994739532
Barbados,2021,1.11857044696808
Barbados,2022,1.14464545249939
Barbados,2023,1.18712854385376
Belarus,2019,0.344978094100952
Belarus,2020,-0.887615978717804
Belarus,2021,-0.754245579242706
Belarus,2022,-0.802096605300903
Belarus,2023,-0.729365646839142
Belgium,2019,0.458395332098007
Belgium,2020,0.521078526973724
Belgium,2021,0.662682592868805
Belgium,2022,0.581981599330902
Belgium,2023,0.403853088617325
Belize,2019,0.0619864836335182
Belize,2020,0.518667578697205
Belize,2021,0.272466063499451
Belize,2022,0.564006090164185
Belize,2023,0.58532577753067
Benin,2019,-0.420240253210068
Benin,2020,-0.443071663379669
Benin,2021,-0.396318674087524
Benin,2022,-0.34320268034935
Benin,2023,-0.346559435129166
Bermuda,2019,1.05151903629303
Bermuda,2020,1.00344228744507
Bermuda,2021,1.00254034996033
Bermuda,2022,1.02404379844666
Bermuda,2023,1.0204062461853
Bhutan,2019,1.06547141075134
Bhutan,2020,1.01348912715912
Bhutan,2021,0.797255098819733
Bhutan,2022,1.00934255123138
Bhutan,2023,0.982800424098969
Bolivia,2019,-0.728340268135071
Bolivia,2020,-0.453467190265656
Bolivia,2021,-0.278774261474609
Bolivia,2022,-0.191908553242683
Bolivia,2023,-0.313183635473251
Bosnia and Herzegovina,2019,-0.424811691045761
Bosnia and Herzegovina,2020,-0.447477132081985
Bosnia and Herzegovina,2021,-0.421740084886551
Bosnia and Herzegovina,2022,-0.483193695545197
Bosnia and Herzegovina,2023,-0.353373318910599
Botswana,2019,1.09532988071442
Botswana,2020,1.01316809654236
Botswana,2021,1.04140710830688
Botswana,2022,1.0739837884903
Botswana,2023,1.03843998908997
Brazil,2019,-0.714224636554718
Brazil,2020,-0.44689092040062
Brazil,2021,-0.419879764318466
Brazil,2022,-0.395036935806274
Brazil,2023,-0.408567786216736
British Virgin Islands,2019,
British Virgin Islands,2020,
British Virgin Islands,2021,
British Virgin Islands,2022,
British Virgin Islands,2023,
Brunei Darussalam,2019,1.11108720302582
Brunei Darussalam,2020,1.18808400630951
Brunei Darussalam,2021,1.17180991172791
Brunei Darussalam,2022,1.24248862266541
Brunei Darussalam,2023,1.36600065231323
Bulgaria,2019,0.561284422874451
Bulgaria,2020,0.401631027460098
Bulgaria,2021,0.36473935842514
Bulgaria,2022,0.313428640365601
Bulgaria,2023,0.341861486434937
Burkina Faso,2019,-1.30219399929047
Burkina Faso,2020,-1.53797841072083
Burkina Faso,2021,-1.64294326305389
Burkina Faso,2022,-1.81536936759949
Burkina Faso,2023,-2.035231590271
Burundi,2019,-1.62505626678467
Burundi,2020,-1.54235208034515
Burundi,2021,-1.25839936733246
Burundi,2022,-1.19244623184204
Burundi,2023,-1.17240297794342
Cabo Verde,2019,0.859627425670624
Cabo Verde,2020,0.874232292175293
Cabo Verde,2021,0.894368469715118
Cabo Verde,2022,0.927069365978241
Cabo Verde,2023,0.903245568275452
Cambodia,2019,-0.0754886493086815
Cambodia,2020,-0.209065958857536
Cambodia,2021,-0.131522253155708
Cambodia,2022,-0.0980230420827866
Cambodia,2023,0.0444938205182552
Cameroon,2019,-1.56182324886322
Cameroon,2020,-1.51367974281311
Cameroon,2021,-1.39408874511719
Cameroon,2022,-1.37962925434113
Cameroon,2023,-1.40043640136719
Canada,2019,0.994933545589447
Canada,2020,1.01318228244781
Canada,2021,0.962336957454681
Canada,2022,0.780681550502777
Canada,2023,0.822420537471771
Cayman Islands,2019,1.40152549743652
Cayman Islands,2020,1.45647096633911
Cayman Islands,2021,1.62477588653564
Cayman Islands,2022,1.66074180603027
Cayman Islands,2023,1.62560141086578
Central African Republic,2019,-2.13587546348572
Central African Republic,2020,-2.23627758026123
Central African Republic,2021,-2.12685298919678
Central African Republic,2022,-2.20505237579346
Central African Republic,2023,-2.20310711860657
Chad,2019,-1.35045111179352
Chad,2020,-1.25522029399872
Chad,2021,-1.38986551761627
Chad,2022,-1.47040486335754
Chad,2023,-1.55946290493011
Channel Islands,2019,
Channel Islands,2020,
Channel Islands,2021,
Channel Islands,2022,
Channel Islands,2023,
Chile,2019,-0.0161215793341398
Chile,2020,0.0440445058047771
Chile,2021,0.161427184939384
Chile,2022,0.13208432495594
Chile,2023,0.13615994155407
China,2019,-0.259780675172806
China,2020,-0.474127858877182
China,2021,-0.516462862491608
China,2022,-0.45127671957016
China,2023,-0.513097047805786
Colombia,2019,-0.979486107826233
Colombia,2020,-0.701150059700012
Colombia,2021,-0.954574346542358
Colombia,2022,-0.62995833158493
Colombia,2023,-0.717313230037689
Comoros,2019,-0.176797673106194
Comoros,2020,-0.287384897470474
Comoros,2021,-0.22799064218998
Comoros,2022,-0.226411357522011
Comoros,2023,-0.226316764950752
"Congo, Dem. Rep.",2019,-1.62642359733582
"Congo, Dem. Rep.",2020,-1.78668558597565
"Congo, Dem. Rep.",2021,-1.66062462329865
"Congo, Dem. Rep.",2022,-1.98448967933655
"Congo, Dem. Rep.",2023,-2.04486203193665
"Congo, Rep.",2019,-0.299274206161499
"Congo, Rep.",2020,-0.213043123483658
"Congo, Rep.",2021,-0.229436472058296
"Congo, Rep.",2022,0.0389938205480576
"Congo, Rep.",2023,0.0191620066761971
Costa Rica,2019,0.430319964885712
Costa Rica,2020,0.746818065643311
Costa Rica,2021,0.860422551631927
Costa Rica,2022,0.956596434116364
Costa Rica,2023,0.984186828136444
Cote d'Ivoire,2019,-1.036496758461
Cote d'Ivoire,2020,-1.03321969509125
Cote d'Ivoire,2021,-0.715015649795532
Cote d'Ivoire,2022,-0.587266504764557
Cote d'Ivoire,2023,-0.631788194179535
Croatia,2019,0.685510694980621
Croatia,2020,0.607283234596252
Croatia,2021,0.621595680713654
Croatia,2022,0.672563254833221
Croatia,2023,0.59771203994751
Cuba,2019,0.610500574111938
Cuba,2020,0.596146762371063
Cuba,2021,0.392796009778976
Cuba,2022,0.491417795419693
Cuba,2023,0.384215950965881
Curacao,2019,
Curacao,2020,
Curacao,2021,
Curacao,2022,
Curacao,2023,
Cyprus,2019,0.54459822177887
Cyprus,2020,0.288777649402618
Cyprus,2021,0.422150671482086
Cyprus,2022,0.423811227083206
Cyprus,2023,0.409627169370651
Czechia,2019,0.941995680332184
Czechia,2020,0.912328004837036
Czechia,2021,0.947537839412689
Czechia,2022,0.814114570617676
Czechia,2023,0.967361629009247
Denmark,2019,0.967598736286163
Denmark,2020,0.920233726501465
Denmark,2021,0.928662657737732
Denmark,2022,0.86891770362854
Denmark,2023,0.850847959518433
Djibouti,2019,-0.343388050794601
Djibouti,2020,-0.44820237159729
Djibouti,2021,-0.566324710845947
Djibouti,2022,-0.507386088371277
Djibouti,2023,-0.516700983047485
Dominica,2019,1.02994155883789
Dominica,2020,1.31708955764771
Dominica,2021,1.33413064479828
Dominica,2022,1.30801045894623
Dominica,2023,1.28526425361633
Dominican Republic,2019,-0.00311226956546307
Dominican Republic,2020,0.164981201291084
Dominican Republic,2021,0.287386029958725
Dominican Republic,2022,0.249287635087967
Dominican Republic,2023,0.239014014601707
Ecuador,2019,-0.238217756152153
Ecuador,2020,-0.270243227481842
Ecuador,2021,-0.25738736987114
Ecuador,2022,-0.37122431397438
Ecuador,2023,-0.338139981031418
"Egypt, Arab Rep.",2019,-1.12463080883026
"Egypt, Arab Rep.",2020,-1.18193280696869
"Egypt, Arab Rep.",2021,-1.0328643321991
"Egypt, Arab Rep.",2022,-0.978700578212738
"Egypt, Arab Rep.",2023,-0.866764307022095
El Salvador,2019,-0.120228312909603
El Salvador,2020,-0.1149922311306
El Salvador,2021,-0.091492086648941
El Salvador,2022,-0.352474838495255
El Salvador,2023,0.00233239983208477
Equatorial Guinea,2019,-0.147898286581039
Equatorial Guinea,2020,-0.221560776233673
Equatorial Guinea,2021,-0.202735513448715
Equatorial Guinea,2022,-0.236288592219353
Equatorial Guinea,2023,-0.235371336340904
Eritrea,2019,-0.705968797206879
Eritrea,2020,-0.992741048336029
Eritrea,2021,-1.05568218231201
Eritrea,2022,-0.957195043563843
Eritrea,2023,-0.792767763137817
Estonia,2019,0.630197763442993
Estonia,2020,0.709816992282867
Estonia,2021,0.748589515686035
Estonia,2022,0.727880895137787
Estonia,2023,0.660533905029297
Eswatini,2019,-0.274377912282944
Eswatini,2020,-0.0405469462275505
Eswatini,2021,-0.346009790897369
Eswatini,2022,-0.210463792085648
Eswatini,2023,-0.357591271400452
Ethiopia,2019,-1.30376279354095
Ethiopia,2020,-1.75370299816132
Ethiopia,2021,-2.18383121490479
Ethiopia,2022,-2.07060623168945
Ethiopia,2023,-1.96956777572632
Faroe Islands,2019,
Faroe Islands,2020,
Faroe Islands,2021,
Faroe Islands,2022,
Faroe Islands,2023,
Fiji,2019,0.779334902763367
Fiji,2020,0.662797212600708
Fiji,2021,0.72510689496994
Fiji,2022,0.748508632183075
Fiji,2023,0.744343459606171
Finland,2019,0.835258841514587
Finland,2020,0.981825113296509
Finland,2021,0.963275969028473
Finland,2022,0.894830107688904
Finland,2023,0.713986694812775
France,2019,0.271341234445572
France,2020,0.280992835760117
France,2021,0.325612366199493
France,2022,0.393339216709137
France,2023,0.343697965145111
French Polynesia,2019,
French Polynesia,2020,
French Polynesia,2021,
French Polynesia,2022,
French Polynesia,2023,
Gabon,2019,-0.0750986188650131
Gabon,2020,-0.0657728165388107
Gabon,2021,-0.0757173225283623
Gabon,2022,0.0603694021701813
Gabon,2023,-0.335527300834656
"Gambia, The",2019,0.214491605758667
"Gambia, The",2020,0.248035475611687
"Gambia, The",2021,0.0353307984769344
"Gambia, The",2022,0.0439732819795609
"Gambia, The",2023,-0.0120199294760823
Georgia,2019,-0.498171955347061
Georgia,2020,-0.429610639810562
Georgia,2021,-0.429620236158371
Georgia,2022,-0.43653005361557
Georgia,2023,-0.335554122924805
Germany,2019,0.548539876937866
Germany,2020,0.645049154758453
Germany,2021,0.725788176059723
Germany,2022,0.628491878509521
Germany,2023,0.586989283561707
Ghana,2019,0.118526868522167
Ghana,2020,0.169901907444
Ghana,2021,0.0658524557948112
Ghana,2022,-0.195024788379669
Ghana,2023,-0.0216207038611174
Gibraltar,2019,
Gibraltar,2020,
Gibraltar,2021,
Gibraltar,2022,
Gibraltar,2023,
Greece,2019,0.162428334355354
Greece,2020,0.115181528031826
Greece,2021,0.10138326883316
Greece,2022,0.106463775038719
Greece,2023,0.239744067192078
Greenland,2019,1.88736295700073
Greenland,2020,1.91059458255768
Greenland,2021,1.87758672237396
Greenland,2022,1.56980299949646
Greenland,2023,1.49536979198456
Grenada,2019,0.938079655170441
Grenada,2020,1.03262364864349
Grenada,2021,1.04031097888947
Grenada,2022,1.03362321853638
Grenada,2023,1.01801919937134
Guam,2019,0.886530876159668
Guam,2020,0.889360964298248
Guam,2021,0.878542065620422
Guam,2022,0.816113114356995
Guam,2023,0.8934046626091
Guatemala,2019,-0.577340841293335
Guatemala,2020,-0.415829300880432
Guatemala,2021,-0.395517915487289
Guatemala,2022,-0.262850880622864
Guatemala,2023,-0.244364932179451
Guinea,2019,-0.842606127262115
Guinea,2020,-0.669285237789154
Guinea,2021,-0.939909875392914
Guinea,2022,-0.838682115077972
Guinea,2023,-0.877875149250031
Guinea-Bissau,2019,-0.561567485332489
Guinea-Bissau,2020,-0.721676468849182
Guinea-Bissau,2021,-0.279985904693604
Guinea-Bissau,2022,-0.385944873094559
Guinea-Bissau,2023,-0.327665239572525
Guyana,2019,-0.254073828458786
Guyana,2020,-0.137554720044136
Guyana,2021,-0.137113198637962
Guyana,2022,0.0207335669547319
Guyana,2023,-0.05517203733325
Haiti,2019,-0.887637317180634
Haiti,2020,-1.02749288082123
Haiti,2021,-1.12813055515289
Haiti,2022,-1.4191986322403
Haiti,2023,-1.43452179431915
Honduras,2019,-0.569057047367096
Honduras,2020,-0.448507726192474
Honduras,2021,-0.627813994884491
Honduras,2022,-0.568361818790436
Honduras,2023,-0.45921716094017
"Hong Kong SAR, China",2019,-0.227037355303764
"Hong Kong SAR, China",2020,0.0566066689789295
"Hong Kong SAR, China",2021,0.263934075832367
"Hong Kong SAR, China",2022,0.5749272108078
"Hong Kong SAR, China",2023,0.673060536384583
Hungary,2019,0.761921286582947
Hungary,2020,0.83704686164856
Hungary,2021,0.798591256141663
Hungary,2022,0.678676307201385
Hungary,2023,0.731891810894012
Iceland,2019,1.61980617046356
Iceland,2020,1.37503159046173
Iceland,2021,1.37235331535339
Iceland,2022,1.24969923496246
Iceland,2023,1.21440374851227
India,2019,-0.796846985816956
India,2020,-0.841419219970703
India,2021,-0.691076755523682
India,2022,-0.615027368068695
India,2023,-0.635076940059662
Indonesia,2019,-0.502143025398254
Indonesia,2020,-0.462311387062073
Indonesia,2021,-0.531449198722839
Indonesia,2022,-0.553894221782684
Indonesia,2023,-0.404375314712524
"Iran, Islamic Rep.",2019,-1.71153402328491
"Iran, Islamic Rep.",2020,-1.69920635223389
"Iran, Islamic Rep.",2021,-1.5844532251358
"Iran, Islamic Rep.",2022,-1.62561237812042
"Iran, Islamic Rep.",2023,-1.6941009759903
Iraq,2019,-2.60927772521973
Iraq,2020,-2.47476959228516
Iraq,2021,-2.38469409942627
Iraq,2022,-2.40930914878845
Iraq,2023,-2.41309809684753
Ireland,2019,0.959416449069977
Ireland,2020,0.965521574020386
Ireland,2021,0.843662619590759
Ireland,2022,0.88466739654541
Ireland,2023,0.901911556720734
Isle of Man,2019,
Isle of Man,2020,
Isle of Man,2021,
Isle of Man,2022,
Isle of Man,2023,
Israel,2019,-0.815568029880524
Israel,2020,-0.887818515300751
Israel,2021,-1.12231314182281
Israel,2022,-1.22896540164948
Israel,2023,-1.46484839916229
Italy,2019,0.381114274263382
Italy,2020,0.399345397949219
Italy,2021,0.550520956516266
Italy,2022,0.466298222541809
Italy,2023,0.583320736885071
Jamaica,2019,0.388309866189957
Jamaica,2020,0.258682191371918
Jamaica,2021,0.217994332313538
Jamaica,2022,0.364242792129517
Jamaica,2023,0.384837329387665
Japan,2019,1.01981234550476
Japan,2020,1.02614521980286
Japan,2021,1.0155017375946
Japan,2022,1.0326372385025
Japan,2023,0.951136231422424
Jordan,2019,-0.276885151863098
Jordan,2020,-0.268401831388474
Jordan,2021,-0.312566459178925
Jordan,2022,-0.234430953860283
Jordan,2023,-0.20273420214653
Kazakhstan,2019,-0.168037340044975
Kazakhstan,2020,-0.257566839456558
Kazakhstan,2021,-0.232230722904205
Kazakhstan,2022,-0.4683538377285
Kazakhstan,2023,-0.27334600687027
Kenya,2019,-1.10576343536377
Kenya,2020,-1.00724005699158
Kenya,2021,-1.03243744373322
Kenya,2022,-0.947280883789062
Kenya,2023,-0.937771916389465
Kiribati,2019,1.12143361568451
Kiribati,2020,1.15759241580963
Kiribati,2021,1.13722455501556
Kiribati,2022,1.10384833812714
Kiribati,2023,1.09988939762115
"Korea, Dem. People's Rep.",2019,-0.286878854036331
"Korea, Dem. People's Rep.",2020,-0.378678768873215
"Korea, Dem. People's Rep.",2021,-0.477270007133484
"Korea, Dem. People's Rep.",2022,-0.430811017751694
"Korea, Dem. People's Rep.",2023,-0.366169571876526
"Korea, Rep.",2019,0.547197937965393
"Korea, Rep.",2020,0.608337879180908
"Korea, Rep.",2021,0.629045724868774
"Korea, Rep.",2022,0.579976737499237
"Korea, Rep.",2023,0.609834730625153
Kosovo,2019,-0.348615944385529
Kosovo,2020,-0.279220730066299
Kosovo,2021,-0.113572865724564
Kosovo,2022,-0.198845237493515
Kosovo,2023,-0.322511613368988
Kuwait,2019,0.175173386931419
Kuwait,2020,0.225232258439064
Kuwait,2021,0.263065904378891
Kuwait,2022,0.291892021894455
Kuwait,2023,0.408179193735123
Kyrgyz Republic,2019,-0.26556807756424
Kyrgyz Republic,2020,-0.4557925760746
Kyrgyz Republic,2021,-0.46646723151207
Kyrgyz Republic,2022,-0.471610426902771
Kyrgyz Republic,2023,-0.48121976852417
Lao PDR,2019,0.530352234840393
Lao PDR,2020,0.693948686122894
Lao PDR,2021,0.712538421154022
Lao PDR,2022,0.789451360702515
Lao PDR,2023,0.814461767673492
Latvia,2019,0.426870435476303
Latvia,2020,0.462181746959686
Latvia,2021,0.673440217971802
Latvia,2022,0.48640912771225
Latvia,2023,0.591089129447937
Lebanon,2019,-1.67235708236694
Lebanon,2020,-1.62117540836334
Lebanon,2021,-1.48200488090515
Lebanon,2022,-1.4225754737854
Lebanon,2023,-1.51903915405273
Lesotho,2019,-0.427980333566666
Lesotho,2020,-0.25351294875145
Lesotho,2021,-0.213224932551384
Lesotho,2022,-0.292736917734146
Lesotho,2023,-0.30576080083847
Liberia,2019,-0.341008901596069
Liberia,2020,-0.309115260839462
Liberia,2021,-0.286003470420837
Liberia,2022,-0.267271250486374
Liberia,2023,-0.1162094399333
Libya,2019,-2.56589818000793
Libya,2020,-2.46235728263855
Libya,2021,-2.30847406387329
Libya,2022,-2.19370174407959
Libya,2023,-2.1680154800415
Liechtenstein,2019,1.59764981269836
Liechtenstein,2020,1.66921818256378
Liechtenstein,2021,1.59568464756012
Liechtenstein,2022,1.64275300502777
Liechtenstein,2023,1.61275815963745
Lithuania,2019,0.770623564720154
Lithuania,2020,0.92147696018219
Lithuania,2021,0.809846818447113
Lithuania,2022,0.653032541275024
Lithuania,2023,0.742111504077911
Luxembourg,2019,1.3333135843277
Luxembourg,2020,1.21248233318329
Luxembourg,2021,1.19407951831818
Luxembourg,2022,1.06439006328583
Luxembourg,2023,1.05400168895721
"Macao SAR, China",2019,1.21542155742645
"Macao SAR, China",2020,1.13755202293396
"Macao SAR, China",2021,1.02902102470398
"Macao SAR, China",2022,1.12270271778107
"Macao SAR, China",2023,1.07105338573456
Madagascar,2019,-0.313957303762436
Madagascar,2020,-0.509334743022919
Madagascar,2021,-0.542262673377991
Madagascar,2022,-0.480796605348587
Madagascar,2023,-0.690745651721954
Malawi,2019,-0.286819607019424
Malawi,2020,-0.118886552751064
Malawi,2021,-0.10926304012537
Malawi,2022,-0.157983273267746
Malawi,2023,-0.235615640878677
Malaysia,2019,0.14648012816906
Malaysia,2020,0.125864699482918
Malaysia,2021,0.0595565475523472
Malaysia,2022,0.163117811083794
Malaysia,2023,0.16851469874382
Maldives,2019,0.0276582892984152
Maldives,2020,0.363029807806015
Maldives,2021,0.534759700298309
Maldives,2022,0.645002782344818
Maldives,2023,0.53012090921402
Mali,2019,-2.2143087387085
Mali,2020,-2.1463520526886
Mali,2021,-2.33293581008911
Mali,2022,-2.56074357032776
Mali,2023,-2.7291362285614
Malta,2019,1.01364505290985
Malta,2020,0.99847799539566
Malta,2021,0.887514472007751
Malta,2022,0.911014318466187
Malta,2023,0.858121693134308
Marshall Islands,2019,1.17230677604675
Marshall Islands,2020,0.982413172721863
Marshall Islands,2021,0.934174537658691
Marshall Islands,2022,1.0159205198288
Marshall Islands,2023,1.18497908115387
Mauritania,2019,-0.562921166419983
Mauritania,2020,-0.700949966907501
Mauritania,2021,-0.555513858795166
Mauritania,2022,-0.516949355602264
Mauritania,2023,-0.503423988819122
Mauritius,2019,0.802008211612701
Mauritius,2020,0.87304550409317
Mauritius,2021,0.832595586776733
Mauritius,2022,0.830023586750031
Mauritius,2023,0.775418817996979
Mexico,2019,-0.841869175434113
Mexico,2020,-0.791455745697021
Mexico,2021,-0.687615871429443
Mexico,2022,-0.689268112182617
Mexico,2023,-0.630761027336121
"Micronesia, Fed. Sts.",2019,1.03275692462921
"Micronesia, Fed. Sts.",2020,1.11546397209167
"Micronesia, Fed. Sts.",2021,1.19793713092804
"Micronesia, Fed. Sts.",2022,1.20921885967255
"Micronesia, Fed. Sts.",2023,1.0807785987854
Moldova,2019,-0.387288391590118
Moldova,2020,-0.340111285448074
Moldova,2021,-0.205297246575356
Moldova,2022,-0.659070193767548
Moldova,2023,-0.683699607849121
Monaco,2019,1.57736670970917
Monaco,2020,1.17731058597565
Monaco,2021,1.17265522480011
Monaco,2022,1.18703246116638
Monaco,2023,1.18497908115387
Mongolia,2019,0.636750936508179
Mongolia,2020,0.717836558818817
Mongolia,2021,0.705918788909912
Mongolia,2022,0.529954373836517
Mongolia,2023,0.592669785022736
Montenegro,2019,0.05806864798069
Montenegro,2020,-0.0611971393227577
Montenegro,2021,-0.0524446368217468
Montenegro,2022,-0.140881478786469
Montenegro,2023,0.0693022906780243
Morocco,2019,-0.345805376768112
Morocco,2020,-0.359523236751556
Morocco,2021,-0.40256267786026
Morocco,2022,-0.362119138240814
Morocco,2023,-0.367761224508286
Mozambique,2019,-0.765720069408417
Mozambique,2020,-1.28312349319458
Mozambique,2021,-1.25703620910645
Mozambique,2022,-1.26560831069946
Mozambique,2023,-1.26869130134583
Myanmar,2019,-1.33050167560577
Myanmar,2020,-1.5117404460907
Myanmar,2021,-2.08407926559448
Myanmar,2022,-2.19571399688721
Myanmar,2023,-2.12527012825012
Namibia,2019,0.528890490531921
Namibia,2020,0.512431561946869
Namibia,2021,0.518789291381836
Namibia,2022,0.559885740280151
Namibia,2023,0.54477721452713
Nauru,2019,0.795099675655365
Nauru,2020,0.77800065279007
Nauru,2021,0.789421439170837
Nauru,2022,0.877918004989624
Nauru,2023,0.976578056812286
Nepal,2019,-0.453659653663635
Nepal,2020,-0.178228780627251
Nepal,2021,-0.187709629535675
Nepal,2022,-0.239196881651878
Nepal,2023,-0.226184993982315
Netherlands,2019,0.821324944496155
Netherlands,2020,0.830933392047882
Netherlands,2021,0.893059194087982
Netherlands,2022,0.726799547672272
Netherlands,2023,0.658281981945038
New Caledonia,2019,
New Caledonia,2020,
New Caledonia,2021,
New Caledonia,2022,
New Caledonia,2023,
New Zealand,2019,1.41695356369019
New Zealand,2020,1.46835374832153
New Zealand,2021,1.39449656009674
New Zealand,2022,1.32116913795471
New Zealand,2023,1.35856962203979
Nicaragua,2019,-0.992500722408295
Nicaragua,2020,-0.585719466209412
Nicaragua,2021,-0.471975326538086
Nicaragua,2022,-0.35851177573204
Nicaragua,2023,-0.125550046563148
Niger,2019,-1.40500640869141
Niger,2020,-1.66720771789551
Niger,2021,-1.53854990005493
Niger,2022,-1.46439230442047
Niger,2023,-1.66885960102081
Nigeria,2019,-1.93315482139587
Nigeria,2020,-1.89201462268829
Nigeria,2021,-1.78738462924957
Nigeria,2022,-1.77890145778656
Nigeria,2023,-1.7684383392334
North Macedonia,2019,0.00814169179648161
North Macedonia,2020,0.112060539424419
North Macedonia,2021,0.0624840781092644
North Macedonia,2022,0.180839285254478
North Macedonia,2023,0.170306503772736
Northern Mariana Islands,2019,
Northern Mariana Islands,2020,
Northern Mariana Islands,2021,
Northern Mariana Islands,2022,
Northern Mariana Islands,2023,
Norway,2019,1.14211213588715
Norway,2020,1.22160577774048
Norway,2021,1.08862638473511
Norway,2022,0.86123925447464
Norway,2023,0.892857432365417
Oman,2019,0.589256703853607
Oman,2020,0.419779539108276
Oman,2021,0.431985288858414
Oman,2022,0.532249212265015
Oman,2023,0.586623668670654
Pakistan,2019,-2.25174307823181
Pakistan,2020,-1.7926949262619
Pakistan,2021,-1.71373546123505
Pakistan,2022,-1.83982634544373
Pakistan,2023,-1.93273079395294
Palau,2019,1.17179811000824
Palau,2020,1.16609668731689
Palau,2021,1.17239153385162
Palau,2022,1.08399426937103
Palau,2023,1.0807785987854
Panama,2019,0.290945798158646
Panama,2020,0.235503375530243
Panama,2021,0.307207077741623
Panama,2022,0.289221227169037
Panama,2023,0.213101848959923
Papua New Guinea,2019,-0.706948459148407
Papua New Guinea,2020,-0.653386533260345
Papua New Guinea,2021,-0.578463852405548
Papua New Guinea,2022,-0.659367442131042
Papua New Guinea,2023,-0.478844821453094
Paraguay,2019,-0.0180127751082182
Paraguay,2020,0.0167177673429251
Paraguay,2021,-0.000937932287342846
Paraguay,2022,0.0355493128299713
Paraguay,2023,0.0820416286587715
Peru,2019,-0.163622617721558
Peru,2020,-0.35772293806076
Peru,2021,-0.355252951383591
Peru,2022,-0.487095445394516
Peru,2023,-0.52178555727005
Philippines,2019,-0.9280606508255
Philippines,2020,-0.778704285621643
Philippines,2021,-0.984022319316864
Philippines,2022,-0.655268549919128
Philippines,2023,-0.566050469875336
Poland,2019,0.550716519355774
Poland,2020,0.491619497537613
Poland,2021,0.49190354347229
Poland,2022,0.505146443843842
Poland,2023,0.559584558010101
Portugal,2019,1.05175185203552
Portugal,2020,1.00873112678528
Portugal,2021,0.937390148639679
Portugal,2022,0.795802593231201
Portugal,2023,0.712578117847443
Puerto Rico (US),2019,0.142660945653915
Puerto Rico (US),2020,0.435354977846146
Puerto Rico (US),2021,0.488091200590134
Puerto Rico (US),2022,0.542631983757019
Puerto Rico (US),2023,0.510210990905762
Qatar,2019,0.684370100498199
Qatar,2020,0.669606029987335
Qatar,2021,0.833391726016998
Qatar,2022,0.960249304771423
Qatar,2023,0.993381142616272
Romania,2019,0.542255997657776
Romania,2020,0.508950412273407
Romania,2021,0.581789910793304
Romania,2022,0.431136310100555
Romania,2023,0.373643964529037
Russian Federation,2019,-0.551088750362396
Russian Federation,2020,-0.667407393455505
Russian Federation,2021,-0.707898318767548
Russian Federation,2022,-1.00599670410156
Russian Federation,2023,-1.13433384895325
Rwanda,2019,0.0569922886788845
Rwanda,2020,0.0694564804434776
Rwanda,2021,0.071973480284214
Rwanda,2022,0.082752451300621
Rwanda,2023,0.108091473579407
Samoa,2019,1.16337776184082
Samoa,2020,1.14782202243805
Samoa,2021,1.10797071456909
Samoa,2022,1.09655201435089
Samoa,2023,1.09818840026855
San Marino,2019,1.22597134113312
San Marino,2020,1.17731058597565
San Marino,2021,1.17265522480011
San Marino,2022,1.18703246116638
San Marino,2023,1.18497908115387
Sao Tome and Principe,2019,0.500651299953461
Sao Tome and Principe,2020,0.48960068821907
Sao Tome and Principe,2021,0.585204601287842
Sao Tome and Principe,2022,0.460358828306198
Sao Tome and Principe,2023,0.44070503115654
Saudi Arabia,2019,-0.6240473985672
Saudi Arabia,2020,-0.650637805461884
Saudi Arabia,2021,-0.592355370521545
Saudi Arabia,2022,-0.355806291103363
Saudi Arabia,2023,-0.213224530220032
Senegal,2019,0.0375764071941376
Senegal,2020,-0.143102943897247
Senegal,2021,-0.179771110415459
Senegal,2022,-0.157593667507172
Senegal,2023,-0.138591378927231
Serbia,2019,-0.0780515447258949
Serbia,2020,-0.170754417777061
Serbia,2021,-0.0852114632725716
Serbia,2022,-0.174069464206696
Serbia,2023,-0.0391097068786621
Seychelles,2019,0.65878689289093
Seychelles,2020,0.701836466789246
Seychelles,2021,0.744736969470978
Seychelles,2022,0.762523114681244
Seychelles,2023,0.763500511646271
Sierra Leone,2019,-0.0569148063659668
Sierra Leone,2020,-0.302384614944458
Sierra Leone,2021,-0.0969721227884293
Sierra Leone,2022,-0.0945132076740265
Sierra Leone,2023,-0.238688722252846
Singapore,2019,1.48045420646667
Singapore,2020,1.43851101398468
Singapore,2021,1.44250547885895
Singapore,2022,1.44037234783173
Singapore,2023,1.42420423030853
Sint Maarten (Dutch part),2019,
Sint Maarten (Dutch part),2020,
Sint Maarten (Dutch part),2021,
Sint Maarten (Dutch part),2022,
Sint Maarten (Dutch part),2023,
Slovak Republic,2019,0.667368829250336
Slovak Republic,2020,0.633981704711914
Slovak Republic,2021,0.617919027805328
Slovak Republic,2022,0.445335745811462
Slovak Republic,2023,0.573219299316406
Slovenia,2019,0.801585972309113
Slovenia,2020,0.701467931270599
Slovenia,2021,0.755585372447968
Slovenia,2022,0.709335088729858
Slovenia,2023,0.818632841110229
Solomon Islands,2019,0.497185170650482
Solomon Islands,2020,0.560446560382843
Solomon Islands,2021,0.541874766349792
Solomon Islands,2022,0.413905620574951
Solomon Islands,2023,0.445870101451874
Somalia,2019,-2.38640308380127
Somalia,2020,-2.58146929740906
Somalia,2021,-2.72733855247498
Somalia,2022,-2.42969608306885
Somalia,2023,-2.37760090827942
South Africa,2019,-0.2832210958004
South Africa,2020,-0.252867221832275
South Africa,2021,-0.750981450080872
South Africa,2022,-0.681386351585388
South Africa,2023,-0.665642023086548
South Sudan,2019,-2.51846766471863
South Sudan,2020,-2.19173645973206
South Sudan,2021,-2.28732800483704
South Sudan,2022,-2.21309995651245
South Sudan,2023,-2.18610787391663
Spain,2019,0.292768746614456
Spain,2020,0.411448448896408
Spain,2021,0.509235560894012
Spain,2022,0.318843424320221
Spain,2023,0.287291556596756
Sri Lanka,2019,-0.21553660929203
Sri Lanka,2020,-0.089128851890564
Sri Lanka,2021,-0.376773029565811
Sri Lanka,2022,-0.80430680513382
Sri Lanka,2023,-0.508541285991669
St. Kitts and Nevis,2019,0.700893521308899
St. Kitts and Nevis,2020,0.929578840732574
St. Kitts and Nevis,2021,0.949669897556305
St. Kitts and Nevis,2022,0.938082098960876
St. Kitts and Nevis,2023,0.923393249511719
St. Lucia,2019,0.906603932380676
St. Lucia,2020,0.864731132984161
St. Lucia,2021,0.832014858722687
St. Lucia,2022,1.03362321853638
St. Lucia,2023,1.01801919937134
St. Martin (French part),2019,
St. Martin (French part),2020,
St. Martin (French part),2021,
St. Martin (French part),2022,
St. Martin (French part),2023,
St. Vincent and the Grenadines,2019,0.938079655170441
St. Vincent and the Grenadines,2020,1.03262364864349
St. Vincent and the Grenadines,2021,1.04031097888947
St. Vincent and the Grenadines,2022,1.03362321853638
St. Vincent and the Grenadines,2023,1.01801919937134
Sudan,2019,-1.69626581668854
Sudan,2020,-1.65710651874542
Sudan,2021,-1.98767411708832
Sudan,2022,-2.0769202709198
Sudan,2023,-2.46693897247314
Suriname,2019,0.0876805111765862
Suriname,2020,0.418843954801559
Suriname,2021,0.348392158746719
Suriname,2022,0.399689197540283
Suriname,2023,0.412738472223282
Sweden,2019,1.01188635826111
Sweden,2020,0.997376799583435
Sweden,2021,1.01450800895691
Sweden,2022,0.910905122756958
Sweden,2023,0.758365273475647
Switzerland,2019,1.31097543239594
Switzerland,2020,1.17624020576477
Switzerland,2021,1.11537563800812
Switzerland,2022,1.15974533557892
Switzerland,2023,1.07144391536713
Syrian Arab Republic,2019,-2.73046922683716
Syrian Arab Republic,2020,-2.71184778213501
Syrian Arab Republic,2021,-2.65965008735657
Syrian Arab Republic,2022,-2.77689838409424
Syrian Arab Republic,2023,-2.75060677528381
Tajikistan,2019,-0.51205986738205
Tajikistan,2020,-0.500074505805969
Tajikistan,2021,-0.676811933517456
Tajikistan,2022,-0.740999102592468
Tajikistan,2023,-0.47282150387764
Tanzania,2019,-0.388420015573502
Tanzania,2020,-0.480807662010193
Tanzania,2021,-0.33555868268013
Tanzania,2022,-0.260344117879868
Tanzania,2023,-0.0527516007423401
Thailand,2019,-0.491406112909317
Thailand,2020,-0.578270494937897
Thailand,2021,-0.56877988576889
Thailand,2022,-0.393339306116104
Thailand,2023,-0.280302882194519
Timor-Leste,2019,0.243081226944923
Timor-Leste,2020,0.197396621108055
Timor-Leste,2021,0.192392945289612
Timor-Leste,2022,0.256246715784073
Timor-Leste,2023,0.260184526443481
Togo,2019,-0.908257663249969
Togo,2020,-0.890698075294495
Togo,2021,-0.695706963539124
Togo,2022,-0.788051605224609
Togo,2023,-0.954195141792297
Tonga,2019,1.03502511978149
Tonga,2020,1.08737897872925
Tonga,2021,1.0793389081955
Tonga,2022,1.09290516376495
Tonga,2023,1.08757400512695
Trinidad and Tobago,2019,0.0815905556082726
Trinidad and Tobago,2020,0.110414087772369
Trinidad and Tobago,2021,0.239110738039017
Trinidad and Tobago,2022,0.34842374920845
Trinidad and Tobago,2023,0.401362389326096
Tunisia,2019,-0.877084732055664
Tunisia,2020,-0.59432578086853
Tunisia,2021,-0.75655198097229
Tunisia,2022,-0.594559073448181
Tunisia,2023,-0.630951106548309
Turkiye,2019,-1.37818169593811
Turkiye,2020,-1.14388263225555
Turkiye,2021,-1.13679277896881
Turkiye,2022,-1.03223478794098
Turkiye,2023,-1.01108038425446
Turkmenistan,2019,-0.178114116191864
Turkmenistan,2020,-0.20164081454277
Turkmenistan,2021,-0.331976592540741
Turkmenistan,2022,-0.110257938504219
Turkmenistan,2023,-0.111424535512924
Turks and Caicos Islands,2019,
Turks and Caicos Islands,2020,
Turks and Caicos Islands,2021,
Turks and Caicos Islands,2022,
Turks and Caicos Islands,2023,
Tuvalu,2019,1.17179811000824
Tuvalu,2020,1.2212518453598
Tuvalu,2021,1.26768505573273
Tuvalu,2022,1.18310344219208
Tuvalu,2023,1.18908190727234
Uganda,2019,-0.694263935089111
Uganda,2020,-0.811038911342621
Uganda,2021,-0.937758684158325
Uganda,2022,-0.711015820503235
Uganda,2023,-0.69550609588623
Ukraine,2019,-1.42837619781494
Ukraine,2020,-1.16393649578094
Ukraine,2021,-1.12698400020599
Ukraine,2022,-1.94932460784912
Ukraine,2023,-1.42982339859009
United Arab Emirates,2019,0.667538404464722
United Arab Emirates,2020,0.592605352401733
United Arab Emirates,2021,0.597572147846222
United Arab Emirates,2022,0.744183301925659
United Arab Emirates,2023,0.677530944347382
United Kingdom,2019,0.526694297790527
United Kingdom,2020,0.483050256967545
United Kingdom,2021,0.489994138479233
United Kingdom,2022,0.533176064491272
United Kingdom,2023,0.514935672283173
United States,2019,0.118298575282097
United States,2020,-0.0278997328132391
United States,2021,-0.0144246527925134
United States,2022,0.00870068650692701
United States,2023,0.029424749314785
Uruguay,2019,1.02829706668854
Uruguay,2020,1.05496430397034
Uruguay,2021,1.04597175121307
Uruguay,2022,1.08582961559296
Uruguay,2023,0.964887142181396
Uzbekistan,2019,-0.296637773513794
Uzbekistan,2020,-0.43669804930687
Uzbekistan,2021,-0.252933233976364
Uzbekistan,2022,-0.20133601129055
Uzbekistan,2023,-0.154609963297844
Vanuatu,2019,1.00636458396912
Vanuatu,2020,0.882161855697632
Vanuatu,2021,0.900504648685455
Vanuatu,2022,0.961862087249756
Vanuatu,2023,0.932254612445831
"Venezuela, RB",2019,-1.53851962089539
"Venezuela, RB",2020,-1.55184280872345
"Venezuela, RB",2021,-1.45497024059296
"Venezuela, RB",2022,-1.25080645084381
"Venezuela, RB",2023,-1.18902802467346
Viet Nam,2019,0.0399874038994312
Viet Nam,2020,-0.0389890633523464
Viet Nam,2021,-0.117782436311245
Viet Nam,2022,-0.0461320951581001
Viet Nam,2023,-0.0363807342946529
Virgin Islands (U.S.),2019,1.05151903629303
Virgin Islands (U.S.),2020,1.00344228744507
Virgin Islands (U.S.),2021,0.47629314661026
Virgin Islands (U.S.),2022,0.529783725738525
Virgin Islands (U.S.),2023,0.534723103046417
West Bank and Gaza,2019,-1.88942885398865
West Bank and Gaza,2020,-2.01823925971985
West Bank and Gaza,2021,-1.83692336082458
West Bank and Gaza,2022,-1.70195543766022
West Bank and Gaza,2023,-1.86521852016449
"Yemen, Rep.",2019,-2.77101445198059
"Yemen, Rep.",2020,-2.64773344993591
"Yemen, Rep.",2021,-2.5804603099823
"Yemen, Rep.",2022,-2.462735414505
"Yemen, Rep.",2023,-2.56293869018555
Zambia,2019,-0.116989657282829
Zambia,2020,-0.13097919523716
Zambia,2021,0.0524137951433659
Zambia,2022,0.161331877112389
Zambia,2023,0.201727285981178
Zimbabwe,2019,-0.943302512168884
Zimbabwe,2020,-1.05274343490601
Zimbabwe,2021,-0.954442739486694
Zimbabwe,2022,-0.894974112510681
Zimbabwe,2023,-0.934447467327118